-- Series
INSERT INTO catalog_series (id, name) VALUES
('1', 'The Empyrean'),
('2', 'ACOTAR'),
('3', 'Crescent City'),
('4', 'Blood and Ash'),
('5', 'The Powerless Trilogy'),
('6', 'The Folk of the Air'),
('7', 'Kingdom of the Wicked'),
('8', 'Throne of Glass'),
('9', 'The Bridge Kingdom'),
('10', 'These Hollow Vows'),
('11', 'Celestial Kingdom'),
('12', 'Cat and Mouse Duet'),
('13', 'Legacy of Gods'),
('14', 'The Ruinous Love Trilogy'),
('15', 'Devil''s Night'),
('16', 'Fall Away'),
('17', 'Twisted'),
('18', 'Kings of Sin'),
('19', 'Maple Hills'),
('20', 'Windy City'),
('21', 'Vancouver Storm'),
('22', 'Born in Blood Mafia Chronicles'),
('23', 'Made'),
('24', 'Knockemout'),
('25', 'Shatter Me'),
('26', 'Zodiac Academy'),
('27', 'Caraval'),
('28', 'Alex Stern'),
('29', 'Six of Crows'),
('30', 'Hades & Persephone'),
('31', 'The Atlas'),
('32', 'Dark Olympus'),
('33', 'Outlander'),
('34', 'The Burning Kingdoms'),
('35', 'Serpent & Dove'),
('36', 'Letters of Enchantment'),
('37', 'Once Upon a Broken Heart'),
('38', 'The Grisha'),
('39', 'The Mortal Instruments'),
('40', 'The Infernal Devices'),
('41', 'Bellinger Sisters'),
('42', 'A Vine Mess')
ON CONFLICT DO NOTHING;

-- Tags
INSERT INTO catalog_tags (id, slug, name, type) VALUES
('1', 'enemies-to-lovers', 'Enemies To Lovers', 'trope'),
('2', 'forced-proximity', 'Forced Proximity', 'trope'),
('3', 'touch-her-and-die', 'Touch Her And Die', 'trope'),
('4', 'magical-bond', 'Magical Bond', 'trope'),
('5', 'fated-mates', 'Fated Mates', 'trope'),
('6', 'chosen-one', 'Chosen One', 'trope'),
('7', 'he-falls-first', 'He Falls First', 'trope'),
('8', 'who-did-this-to-you', 'Who Did This To You', 'trope'),
('9', 'fantasy-romance', 'Fantasy Romance', 'genre'),
('10', 'romantasy', 'Romantasy', 'genre'),
('11', 'intense', 'Intense', 'mood'),
('12', 'steamy', 'Steamy', 'mood'),
('13', 'adventurous', 'Adventurous', 'mood'),
('14', 'rebellion', 'Rebellion', 'trope'),
('15', 'dark-protector', 'Dark Protector', 'trope'),
('16', 'pining', 'Pining', 'trope'),
('17', 'angsty', 'Angsty', 'mood'),
('18', 'redemption-arc', 'Redemption Arc', 'trope'),
('19', 'captive-romance', 'Captive Romance', 'trope'),
('20', 'emotional', 'Emotional', 'mood'),
('21', 'slow-burn', 'Slow Burn', 'trope'),
('22', 'found-family', 'Found Family', 'trope'),
('23', 'broken-hero', 'Broken Hero', 'trope'),
('24', 'empowering', 'Empowering', 'mood'),
('25', 'war-backdrop', 'War Backdrop', 'trope'),
('26', 'hurt-comfort', 'Hurt Comfort', 'trope'),
('27', 'bratty-heroine', 'Bratty Heroine', 'trope'),
('28', 'size-difference', 'Size Difference', 'trope'),
('29', 'forbidden-love', 'Forbidden Love', 'trope'),
('30', 'secret-identity', 'Secret Identity', 'trope'),
('31', 'possessive-hero', 'Possessive Hero', 'trope'),
('32', 'obsessed-hero', 'Obsessed Hero', 'trope'),
('33', 'young-adult', 'Young Adult', 'genre'),
('34', 'morally-grey', 'Morally Grey', 'trope'),
('35', 'rivals', 'Rivals', 'trope'),
('36', 'power-imbalance', 'Power Imbalance', 'trope'),
('37', 'royalty', 'Royalty', 'trope'),
('38', 'dark', 'Dark', 'mood'),
('39', 'witch-romance', 'Witch Romance', 'trope'),
('40', 'detective-romance', 'Detective Romance', 'trope'),
('41', 'mysterious', 'Mysterious', 'mood'),
('42', 'love-triangle', 'Love Triangle', 'trope'),
('43', 'coming-of-age', 'Coming Of Age', 'trope'),
('44', 'arranged-marriage', 'Arranged Marriage', 'trope'),
('45', 'forced-marriage', 'Forced Marriage', 'trope'),
('46', 'double-cross', 'Double Cross', 'trope'),
('47', 'dark-secret', 'Dark Secret', 'trope'),
('48', 'beautiful-prose', 'Beautiful Prose', 'trope'),
('49', 'creepy-atmosphere', 'Creepy Atmosphere', 'trope'),
('50', 'everyone-is-suspect', 'Everyone Is Suspect', 'trope'),
('51', 'trapped', 'Trapped', 'trope'),
('52', 'villain-romance', 'Villain Romance', 'trope'),
('53', 'stalker-romance', 'Stalker Romance', 'trope'),
('54', 'cat-and-mouse', 'Cat And Mouse', 'trope'),
('55', 'dark-romance', 'Dark Romance', 'genre'),
('56', 'romantic-suspense', 'Romantic Suspense', 'genre'),
('57', 'revenge', 'Revenge', 'trope'),
('58', 'conspiracy', 'Conspiracy', 'trope'),
('59', 'heartbreaking', 'Heartbreaking', 'mood'),
('60', 'masked-man', 'Masked Man', 'trope'),
('61', 'dominant-hero', 'Dominant Hero', 'trope'),
('62', 'bully-romance', 'Bully Romance', 'genre'),
('63', 'new-adult', 'New Adult', 'genre'),
('64', 'reverse-harem', 'Reverse Harem', 'trope'),
('65', 'mafia-boss', 'Mafia Boss', 'trope'),
('66', 'mafia-romance', 'Mafia Romance', 'genre'),
('67', 'grumpy-sunshine', 'Grumpy Sunshine', 'trope'),
('68', 'serial-killer', 'Serial Killer', 'trope'),
('69', 'road-trip', 'Road Trip', 'trope'),
('70', 'rom-com', 'Rom Com', 'genre'),
('71', 'funny', 'Funny', 'mood'),
('72', 'childhood-friends', 'Childhood Friends', 'trope'),
('73', 'age-gap', 'Age Gap', 'trope'),
('74', 'contemporary-romance', 'Contemporary Romance', 'genre'),
('75', 'epistolary', 'Epistolary', 'trope'),
('76', 'brother-best-friend', 'Brother Best Friend', 'trope'),
('77', 'billionaire', 'Billionaire', 'trope'),
('78', 'bodyguard', 'Bodyguard', 'trope'),
('79', 'bet-dare', 'Bet Dare', 'trope'),
('80', 'miscommunication', 'Miscommunication', 'trope'),
('81', 'fake-dating', 'Fake Dating', 'trope'),
('82', 'ceo-romance', 'Ceo Romance', 'trope'),
('83', 'second-chance', 'Second Chance', 'trope'),
('84', 'domestic-thriller', 'Domestic Thriller', 'trope'),
('85', 'single-parent', 'Single Parent', 'trope'),
('86', 'one-that-got-away', 'One That Got Away', 'trope'),
('87', 'cozy', 'Cozy', 'mood'),
('88', 'friends-to-lovers', 'Friends To Lovers', 'trope'),
('89', 'multiple-timelines', 'Multiple Timelines', 'trope'),
('90', 'unrequited-love', 'Unrequited Love', 'trope'),
('91', 'unreliable-narrator', 'Unreliable Narrator', 'trope'),
('92', 'plot-twist', 'Plot Twist', 'trope'),
('93', 'psychological-thriller', 'Psychological Thriller', 'trope'),
('94', 'gone-girl-vibes', 'Gone Girl Vibes', 'trope'),
('95', 'last-page-twist', 'Last Page Twist', 'trope'),
('96', 'book-within-book', 'Book Within Book', 'trope'),
('97', 'thriller', 'Thriller', 'genre'),
('98', 'amnesia', 'Amnesia', 'trope'),
('99', 'boss-employee', 'Boss Employee', 'trope'),
('100', 'bookish-heroine', 'Bookish Heroine', 'trope'),
('101', 'opposites-attract', 'Opposites Attract', 'trope'),
('102', 'fluffy', 'Fluffy', 'mood'),
('103', 'coworkers-to-lovers', 'Coworkers To Lovers', 'trope'),
('104', 'neighbors', 'Neighbors', 'trope'),
('105', 'only-one-bed', 'Only One Bed', 'trope'),
('106', 'marriage-of-convenience', 'Marriage Of Convenience', 'trope'),
('107', 'sports-romance', 'Sports Romance', 'genre'),
('108', 'anti-hero', 'Anti Hero', 'trope'),
('109', 'tragic-ending', 'Tragic Ending', 'trope'),
('110', 'literary-fiction', 'Literary Fiction', 'genre'),
('111', 'historical-romance', 'Historical Romance', 'genre'),
('112', 'magical-realism', 'Magical Realism', 'trope'),
('113', 'based-on-true-story', 'Based On True Story', 'trope'),
('114', 'family-saga', 'Family Saga', 'trope'),
('115', 'social-commentary', 'Social Commentary', 'trope'),
('116', 'philosophical', 'Philosophical', 'trope'),
('117', 'dystopia', 'Dystopia', 'trope'),
('118', 'praise-kink', 'Praise Kink', 'trope'),
('119', 'whodunit', 'Whodunit', 'trope'),
('120', 'heist', 'Heist', 'trope'),
('121', 'vampire-romance', 'Vampire Romance', 'trope'),
('122', 'werewolf-romance', 'Werewolf Romance', 'trope'),
('123', 'paranormal-romance', 'Paranormal Romance', 'genre'),
('124', 'teacher-student', 'Teacher Student', 'trope'),
('125', 'time-travel', 'Time Travel', 'trope'),
('126', 'survival', 'Survival', 'trope'),
('127', 'portal-fantasy', 'Portal Fantasy', 'trope'),
('128', 'holiday-romance', 'Holiday Romance', 'trope'),
('129', 'spy-romance', 'Spy Romance', 'trope')
ON CONFLICT DO NOTHING;

-- Books
INSERT INTO catalog_books (id, title, author, isbn, cover_url, spice, pages, year, description, rating, series_id, series_number) VALUES
('1', 'Fourth Wing', 'Rebecca Yarros', '9781649374042', 'https://covers.openlibrary.org/b/isbn/9781649374042-L.jpg', 4, 498, 2023, 'Twenty-year-old Violet Sorrengail was supposed to enter the Scribe Quadrant, but her mother commands her to join the dragon riders.', NULL, '1', 1),
('2', 'Iron Flame', 'Rebecca Yarros', '9781649374172', 'https://covers.openlibrary.org/b/isbn/9781649374172-L.jpg', 4, 623, 2023, NULL, NULL, '1', 2),
('3', 'A Court of Thorns and Roses', 'Sarah J. Maas', '9781635575552', 'https://covers.openlibrary.org/b/isbn/9781635575552-L.jpg', 3, 419, 2015, NULL, NULL, '2', 1),
('4', 'A Court of Mist and Fury', 'Sarah J. Maas', '9781635575569', 'https://covers.openlibrary.org/b/isbn/9781635575569-L.jpg', 4, 624, 2016, NULL, NULL, '2', 2),
('5', 'A Court of Wings and Ruin', 'Sarah J. Maas', '9781635575576', 'https://covers.openlibrary.org/b/isbn/9781635575576-L.jpg', 3, 699, 2017, NULL, NULL, '2', 3),
('6', 'A Court of Silver Flames', 'Sarah J. Maas', '9781681196282', 'https://covers.openlibrary.org/b/isbn/9781681196282-L.jpg', 5, 757, 2021, NULL, NULL, '2', 5),
('7', 'Crescent City: House of Earth and Blood', 'Sarah J. Maas', '9781635574043', 'https://covers.openlibrary.org/b/isbn/9781635574043-L.jpg', 3, 803, 2020, NULL, NULL, '3', 1),
('8', 'From Blood and Ash', 'Jennifer L. Armentrout', '9781952457005', 'https://books.google.com/books/content?vid=isbn9781952457005&printsec=frontcover&img=1&zoom=1&source=gbs_api', 4, 624, 2020, NULL, NULL, '4', 1),
('9', 'Powerless', 'Lauren Roberts', '9781665954884', 'https://covers.openlibrary.org/b/isbn/9781665954884-L.jpg', 2, 485, 2023, NULL, NULL, '5', 1),
('10', 'Reckless', 'Lauren Roberts', '9781665954891', 'https://covers.openlibrary.org/b/isbn/9781665954891-L.jpg', 2, 528, 2024, NULL, NULL, '5', 2),
('11', 'The Cruel Prince', 'Holly Black', '9780316310314', 'https://covers.openlibrary.org/b/isbn/9780316310314-L.jpg', 1, 370, 2018, NULL, NULL, '6', 1),
('12', 'Kingdom of the Wicked', 'Kerri Maniscalco', '9780316428453', 'https://covers.openlibrary.org/b/isbn/9780316428453-L.jpg', 3, 354, 2020, NULL, NULL, '7', 1),
('13', 'Throne of Glass', 'Sarah J. Maas', '9781639730957', 'https://covers.openlibrary.org/b/isbn/9781639730957-L.jpg', 1, 404, 2012, NULL, NULL, '8', 1),
('14', 'The Bridge Kingdom', 'Danielle L. Jensen', '9781733090315', 'https://books.google.com/books/content?vid=isbn9781733090315&printsec=frontcover&img=1&zoom=1&source=gbs_api', 3, 348, 2019, NULL, NULL, '9', 1),
('15', 'These Hollow Vows', 'Lexi Ryan', '9780358386575', 'https://covers.openlibrary.org/b/isbn/9780358386575-L.jpg', 2, 401, 2021, NULL, NULL, '10', 1),
('16', 'Daughter of the Moon Goddess', 'Sue Lynn Tan', '9780063031302', 'https://covers.openlibrary.org/b/isbn/9780063031302-L.jpg', 1, 482, 2022, NULL, NULL, '11', 1),
('17', 'House of Salt and Sorrows', 'Erin A. Craig', '9781984831927', 'https://covers.openlibrary.org/b/isbn/9781984831927-L.jpg', 1, 391, 2019, NULL, NULL, NULL, NULL),
('18', 'The Priory of the Orange Tree', 'Samantha Shannon', '9781635570298', 'https://covers.openlibrary.org/b/isbn/9781635570298-L.jpg', 2, 827, 2019, NULL, NULL, NULL, NULL),
('19', 'Haunting Adeline', 'H.D. Carlton', '9798422775088', 'https://books.google.com/books/content?vid=isbn9798422775088&printsec=frontcover&img=1&zoom=1&source=gbs_api', 5, 487, 2021, NULL, NULL, '12', 1),
('20', 'Hunting Adeline', 'H.D. Carlton', '9798431737039', 'https://books.google.com/books/content?vid=isbn9798431737039&printsec=frontcover&img=1&zoom=1&source=gbs_api', 5, 568, 2022, NULL, NULL, '12', 2),
('21', 'God of Malice', 'Rina Kent', '9781685450786', 'https://books.google.com/books/content?vid=isbn9781685450786&printsec=frontcover&img=1&zoom=1&source=gbs_api', 5, 402, 2023, NULL, NULL, '13', 1),
('22', 'Den of Vipers', 'K.A. Knight', '9798611371497', 'https://books.google.com/books/content?vid=isbn9798611371497&printsec=frontcover&img=1&zoom=1&source=gbs_api', 5, 590, 2020, NULL, NULL, NULL, NULL),
('23', 'Butcher & Blackbird', 'Brynne Weaver', '9781957568232', 'https://books.google.com/books/content?vid=isbn9781957568232&printsec=frontcover&img=1&zoom=1&source=gbs_api', 4, 310, 2023, NULL, NULL, '14', 1),
('24', 'Corrupt', 'Penelope Douglas', '9780593641996', 'https://covers.openlibrary.org/b/isbn/9780593641996-L.jpg', 4, 372, 2015, NULL, NULL, '15', 1),
('25', 'Bully', 'Penelope Douglas', '9780593642030', 'https://covers.openlibrary.org/b/isbn/9780593642030-L.jpg', 3, 370, 2014, NULL, NULL, '16', 1),
('26', 'Credence', 'Penelope Douglas', '9780593642009', 'https://covers.openlibrary.org/b/isbn/9780593642009-L.jpg', 5, 482, 2020, NULL, NULL, NULL, NULL),
('27', 'Birthday Girl', 'Penelope Douglas', '9780593642016', 'https://covers.openlibrary.org/b/isbn/9780593642016-L.jpg', 4, 418, 2018, NULL, NULL, NULL, NULL),
('28', 'Punk 57', 'Penelope Douglas', '9780593642023', 'https://covers.openlibrary.org/b/isbn/9780593642023-L.jpg', 4, 371, 2016, NULL, NULL, NULL, NULL),
('29', 'Twisted Love', 'Ana Huang', '9781728274867', 'https://covers.openlibrary.org/b/isbn/9781728274867-L.jpg', 4, 372, 2021, NULL, NULL, '17', 1),
('30', 'Twisted Games', 'Ana Huang', '9781728274874', 'https://covers.openlibrary.org/b/isbn/9781728274874-L.jpg', 4, 418, 2021, NULL, NULL, '17', 2),
('31', 'Twisted Hate', 'Ana Huang', '9781728274898', 'https://covers.openlibrary.org/b/isbn/9781728274898-L.jpg', 5, 485, 2022, NULL, NULL, '17', 3),
('32', 'Twisted Lies', 'Ana Huang', '9781728274904', 'https://covers.openlibrary.org/b/isbn/9781728274904-L.jpg', 4, 533, 2022, NULL, NULL, '17', 4),
('33', 'It Ends with Us', 'Colleen Hoover', '9781501110368', 'https://covers.openlibrary.org/b/isbn/9781501110368-L.jpg', 2, 376, 2016, NULL, NULL, NULL, NULL),
('34', 'It Starts with Us', 'Colleen Hoover', '9781668001226', 'https://covers.openlibrary.org/b/isbn/9781668001226-L.jpg', 2, 336, 2022, NULL, NULL, NULL, NULL),
('35', 'Ugly Love', 'Colleen Hoover', '9781476753188', 'https://covers.openlibrary.org/b/isbn/9781476753188-L.jpg', 4, 322, 2014, NULL, NULL, NULL, NULL),
('36', 'Verity', 'Colleen Hoover', '9781538724736', 'https://covers.openlibrary.org/b/isbn/9781538724736-L.jpg', 4, 314, 2018, NULL, NULL, NULL, NULL),
('37', 'November 9', 'Colleen Hoover', '9781501110344', 'https://covers.openlibrary.org/b/isbn/9781501110344-L.jpg', 3, 310, 2015, NULL, NULL, NULL, NULL),
('38', 'Confess', 'Colleen Hoover', '9781476791456', 'https://covers.openlibrary.org/b/isbn/9781476791456-L.jpg', 2, 306, 2015, NULL, NULL, NULL, NULL),
('39', 'The Love Hypothesis', 'Ali Hazelwood', '9780593336823', 'https://covers.openlibrary.org/b/isbn/9780593336823-L.jpg', 3, 384, 2021, NULL, NULL, NULL, NULL),
('40', 'Love on the Brain', 'Ali Hazelwood', '9780593336861', 'https://covers.openlibrary.org/b/isbn/9780593336861-L.jpg', 3, 341, 2022, NULL, NULL, NULL, NULL),
('41', 'Beach Read', 'Emily Henry', '9780593100585', 'https://covers.openlibrary.org/b/isbn/9780593100585-L.jpg', 3, 361, 2020, NULL, NULL, NULL, NULL),
('42', 'People We Meet on Vacation', 'Emily Henry', '9781984806758', 'https://covers.openlibrary.org/b/isbn/9781984806758-L.jpg', 3, 364, 2021, NULL, NULL, NULL, NULL),
('43', 'Book Lovers', 'Emily Henry', '9780593334836', 'https://covers.openlibrary.org/b/isbn/9780593334836-L.jpg', 3, 373, 2022, NULL, NULL, NULL, NULL),
('44', 'Happy Place', 'Emily Henry', '9780593441275', 'https://covers.openlibrary.org/b/isbn/9780593441275-L.jpg', 3, 400, 2023, NULL, NULL, NULL, NULL),
('45', 'Funny Story', 'Emily Henry', '9780593441282', 'https://covers.openlibrary.org/b/isbn/9780593441282-L.jpg', 3, 395, 2024, NULL, NULL, NULL, NULL),
('46', 'King of Wrath', 'Ana Huang', '9781728289724', 'https://covers.openlibrary.org/b/isbn/9781728289724-L.jpg', 4, 437, 2022, NULL, NULL, '18', 1),
('47', 'King of Pride', 'Ana Huang', '9781728289731', 'https://covers.openlibrary.org/b/isbn/9781728289731-L.jpg', 4, 451, 2023, NULL, NULL, '18', 2),
('48', 'King of Greed', 'Ana Huang', '9781728289755', 'https://covers.openlibrary.org/b/isbn/9781728289755-L.jpg', 4, 441, 2023, NULL, NULL, '18', 3),
('49', 'Icebreaker', 'Hannah Grace', '9781668026038', 'https://covers.openlibrary.org/b/isbn/9781668026038-L.jpg', 4, 432, 2022, NULL, NULL, '19', 1),
('50', 'Wildfire', 'Hannah Grace', '9781668026069', 'https://covers.openlibrary.org/b/isbn/9781668026069-L.jpg', 4, 448, 2023, NULL, NULL, '19', 2),
('51', 'Daydream', 'Hannah Grace', '9781668026090', 'https://covers.openlibrary.org/b/isbn/9781668026090-L.jpg', 4, 416, 2024, NULL, NULL, '19', 3),
('52', 'Mile High', 'Liz Tomforde', '9781728296586', 'https://covers.openlibrary.org/b/isbn/9781728296586-L.jpg', 4, 482, 2022, NULL, NULL, '20', 1),
('53', 'The Right Move', 'Liz Tomforde', '9781728296609', 'https://covers.openlibrary.org/b/isbn/9781728296609-L.jpg', 4, 451, 2022, NULL, NULL, '20', 2),
('54', 'Behind the Net', 'Stephanie Archer', '9798987758311', 'https://books.google.com/books/content?vid=isbn9798987758311&printsec=frontcover&img=1&zoom=1&source=gbs_api', 4, 432, 2023, NULL, NULL, '21', 1),
('55', 'Bound by Honor', 'Cora Reilly', '9781503055445', 'https://covers.openlibrary.org/b/isbn/9781503055445-L.jpg', 4, 341, 2014, NULL, NULL, '22', 1),
('56', 'The Sweetest Oblivion', 'Danielle Lori', '9798652968540', 'https://books.google.com/books/content?vid=isbn9798652968540&printsec=frontcover&img=1&zoom=1&source=gbs_api', 4, 428, 2020, NULL, NULL, '23', 1),
('57', 'The Maddest Obsession', 'Danielle Lori', '9798664549164', 'https://books.google.com/books/content?vid=isbn9798664549164&printsec=frontcover&img=1&zoom=1&source=gbs_api', 4, 390, 2020, NULL, NULL, '23', 2),
('58', 'The Song of Achilles', 'Madeline Miller', '9780062060624', 'https://covers.openlibrary.org/b/isbn/9780062060624-L.jpg', 2, 378, 2012, NULL, NULL, NULL, NULL),
('59', 'Circe', 'Madeline Miller', '9780316556347', 'https://covers.openlibrary.org/b/isbn/9780316556347-L.jpg', 2, 393, 2018, NULL, NULL, NULL, NULL),
('60', 'The Seven Husbands of Evelyn Hugo', 'Taylor Jenkins Reid', '9781501161933', 'https://covers.openlibrary.org/b/isbn/9781501161933-L.jpg', 2, 388, 2017, NULL, NULL, NULL, NULL),
('61', 'The Spanish Love Deception', 'Elena Armas', '9781668002520', 'https://covers.openlibrary.org/b/isbn/9781668002520-L.jpg', 3, 454, 2021, NULL, NULL, NULL, NULL),
('62', 'The American Roommate Experiment', 'Elena Armas', '9781668002568', 'https://covers.openlibrary.org/b/isbn/9781668002568-L.jpg', 4, 403, 2022, NULL, NULL, NULL, NULL),
('63', 'Things We Never Got Over', 'Lucy Score', '9781728276113', 'https://covers.openlibrary.org/b/isbn/9781728276113-L.jpg', 3, 573, 2022, NULL, NULL, '24', 1),
('64', 'Things We Hide from the Light', 'Lucy Score', '9781728276168', 'https://covers.openlibrary.org/b/isbn/9781728276168-L.jpg', 3, 558, 2023, NULL, NULL, '24', 2),
('65', 'A Thousand Boy Kisses', 'Tillie Cole', '9781728297231', 'https://covers.openlibrary.org/b/isbn/9781728297231-L.jpg', 1, 328, 2016, NULL, NULL, NULL, NULL),
('66', 'The Invisible Life of Addie LaRue', 'V.E. Schwab', '9780765387561', 'https://covers.openlibrary.org/b/isbn/9780765387561-L.jpg', 1, 444, 2020, NULL, NULL, NULL, NULL),
('67', 'Shatter Me', 'Tahereh Mafi', '9780062085504', 'https://covers.openlibrary.org/b/isbn/9780062085504-L.jpg', 1, 338, 2011, NULL, NULL, '25', 1),
('68', 'The Hating Game', 'Sally Thorne', '9780062439598', 'https://covers.openlibrary.org/b/isbn/9780062439598-L.jpg', 3, 378, 2016, NULL, NULL, NULL, NULL),
('69', 'The Kiss Quotient', 'Helen Hoang', '9780451490803', 'https://covers.openlibrary.org/b/isbn/9780451490803-L.jpg', 4, 311, 2018, NULL, NULL, NULL, NULL),
('70', 'The Wall of Winnipeg and Me', 'Mariana Zapata', '9781501115639', 'https://covers.openlibrary.org/b/isbn/9781501115639-L.jpg', 2, 598, 2016, NULL, NULL, NULL, NULL),
('71', 'From Lukov with Love', 'Mariana Zapata', '9781099224508', 'https://books.google.com/books/content?vid=isbn9781099224508&printsec=frontcover&img=1&zoom=1&source=gbs_api', 2, 531, 2018, NULL, NULL, NULL, NULL),
('72', 'Kulti', 'Mariana Zapata', '9780990429258', 'https://books.google.com/books/content?vid=isbn9780990429258&printsec=frontcover&img=1&zoom=1&source=gbs_api', 2, 573, 2015, NULL, NULL, NULL, NULL),
('73', 'Zodiac Academy: The Awakening', 'Caroline Peckham', '9781914425622', 'https://books.google.com/books/content?vid=isbn9781914425622&printsec=frontcover&img=1&zoom=1&source=gbs_api', 3, 502, 2019, NULL, NULL, '26', 1),
('74', 'Caraval', 'Stephanie Garber', '9781250095251', 'https://covers.openlibrary.org/b/isbn/9781250095251-L.jpg', 1, 407, 2017, NULL, NULL, '27', 1),
('75', 'The Night Circus', 'Erin Morgenstern', '9780307744432', 'https://covers.openlibrary.org/b/isbn/9780307744432-L.jpg', 1, 387, 2011, NULL, NULL, NULL, NULL),
('76', 'Ninth House', 'Leigh Bardugo', '9781250313072', 'https://covers.openlibrary.org/b/isbn/9781250313072-L.jpg', 2, 458, 2019, NULL, NULL, '28', 1),
('77', 'Six of Crows', 'Leigh Bardugo', '9781250076960', 'https://covers.openlibrary.org/b/isbn/9781250076960-L.jpg', 0, 465, 2015, NULL, NULL, '29', 1),
('78', 'Crooked Kingdom', 'Leigh Bardugo', '9781250076977', 'https://covers.openlibrary.org/b/isbn/9781250076977-L.jpg', 0, 536, 2016, NULL, NULL, '29', 2),
('79', 'House of Flame and Shadow', 'Sarah J. Maas', '9781635574104', 'https://covers.openlibrary.org/b/isbn/9781635574104-L.jpg', 4, 838, 2024, NULL, NULL, '3', 3),
('80', 'Assistant to the Villain', 'Hannah Nicole Maehrer', '9781250358141', 'https://covers.openlibrary.org/b/isbn/9781250358141-L.jpg', 1, 352, 2023, NULL, NULL, NULL, NULL),
('81', 'Autumn of the Black Adder', 'Scarlett St. Clair', '9781728258430', 'https://covers.openlibrary.org/b/isbn/9781728258430-L.jpg', 5, 0, 2023, NULL, NULL, NULL, NULL),
('82', 'A Touch of Darkness', 'Scarlett St. Clair', '9781728258409', 'https://covers.openlibrary.org/b/isbn/9781728258409-L.jpg', 4, 319, 2019, NULL, NULL, '30', 1),
('83', 'Archer''s Voice', 'Mia Sheridan', '9780593642054', 'https://covers.openlibrary.org/b/isbn/9780593642054-L.jpg', 3, 302, 2014, NULL, NULL, NULL, NULL),
('84', 'The Atlas Six', 'Olivie Blake', '9781250854513', 'https://covers.openlibrary.org/b/isbn/9781250854513-L.jpg', 2, 374, 2022, NULL, NULL, '31', 1),
('85', 'Bride', 'Ali Hazelwood', '9780593550649', 'https://covers.openlibrary.org/b/isbn/9780593550649-L.jpg', 4, 416, 2024, NULL, NULL, NULL, NULL),
('86', 'Check & Mate', 'Ali Hazelwood', '9780593615980', 'https://covers.openlibrary.org/b/isbn/9780593615980-L.jpg', 1, 368, 2023, NULL, NULL, NULL, NULL),
('87', 'Gothikana', 'RuNyx', '9798463781895', 'https://books.google.com/books/content?vid=isbn9798463781895&printsec=frontcover&img=1&zoom=1&source=gbs_api', 4, 290, 2021, NULL, NULL, NULL, NULL),
('88', 'The Love of My Life', 'Rosie Walsh', '9780525559412', 'https://covers.openlibrary.org/b/isbn/9780525559412-L.jpg', 1, 432, 2022, NULL, NULL, NULL, NULL),
('89', 'Neon Gods', 'Katee Robert', '9781728231877', 'https://covers.openlibrary.org/b/isbn/9781728231877-L.jpg', 5, 344, 2021, NULL, NULL, '32', 1),
('90', 'Electric Idol', 'Katee Robert', '9781728231914', 'https://covers.openlibrary.org/b/isbn/9781728231914-L.jpg', 5, 336, 2022, NULL, NULL, '32', 2),
('91', 'Wicked Beauty', 'Katee Robert', '9781728231952', 'https://covers.openlibrary.org/b/isbn/9781728231952-L.jpg', 5, 352, 2022, NULL, NULL, '32', 3),
('92', 'Outlander', 'Diana Gabaldon', '9780440212560', 'https://covers.openlibrary.org/b/isbn/9780440212560-L.jpg', 4, 850, 1991, NULL, NULL, '33', 1),
('93', 'The Jasmine Throne', 'Tasha Suri', '9780316538558', 'https://covers.openlibrary.org/b/isbn/9780316538558-L.jpg', 2, 533, 2021, NULL, NULL, '34', 1),
('94', 'The Wicked King', 'Holly Black', '9780316310352', 'https://covers.openlibrary.org/b/isbn/9780316310352-L.jpg', 1, 324, 2019, NULL, NULL, '6', 2),
('95', 'The Queen of Nothing', 'Holly Black', '9780316310420', 'https://covers.openlibrary.org/b/isbn/9780316310420-L.jpg', 1, 308, 2019, NULL, NULL, '6', 3),
('96', 'Serpent & Dove', 'Shelby Mahurin', '9780062878021', 'https://covers.openlibrary.org/b/isbn/9780062878021-L.jpg', 2, 524, 2019, NULL, NULL, '35', 1),
('97', 'Sorcery of Thorns', 'Margaret Rogerson', '9781481497619', 'https://covers.openlibrary.org/b/isbn/9781481497619-L.jpg', 1, 453, 2019, NULL, NULL, NULL, NULL),
('98', 'Divine Rivals', 'Rebecca Ross', '9781250857439', 'https://covers.openlibrary.org/b/isbn/9781250857439-L.jpg', 2, 356, 2023, NULL, NULL, '36', 1),
('99', 'Ruthless Vows', 'Rebecca Ross', '9781250857453', 'https://covers.openlibrary.org/b/isbn/9781250857453-L.jpg', 2, 384, 2024, NULL, NULL, '36', 2),
('100', 'A Touch of Ruin', 'Scarlett St. Clair', '9781728258416', 'https://covers.openlibrary.org/b/isbn/9781728258416-L.jpg', 4, 371, 2020, NULL, NULL, '30', 2),
('101', 'Onyx Storm', 'Rebecca Yarros', '9781649374189', 'https://covers.openlibrary.org/b/isbn/9781649374189-L.jpg', 4, 576, 2025, NULL, NULL, '1', 3),
('102', 'A Court of Frost and Starlight', 'Sarah J. Maas', '9781635575583', 'https://covers.openlibrary.org/b/isbn/9781635575583-L.jpg', 3, 229, 2018, NULL, NULL, '2', 4),
('103', 'House of Sky and Breath', 'Sarah J. Maas', '9781635574074', 'https://covers.openlibrary.org/b/isbn/9781635574074-L.jpg', 4, 768, 2022, NULL, NULL, '3', 2),
('104', 'Crown of Midnight', 'Sarah J. Maas', '9781639730964', 'https://covers.openlibrary.org/b/isbn/9781639730964-L.jpg', 2, 418, 2013, NULL, NULL, '8', 2),
('105', 'Heir of Fire', 'Sarah J. Maas', '9781639730971', 'https://covers.openlibrary.org/b/isbn/9781639730971-L.jpg', 2, 565, 2014, NULL, NULL, '8', 3),
('106', 'Kingdom of the Cursed', 'Kerri Maniscalco', '9780316428484', 'https://covers.openlibrary.org/b/isbn/9780316428484-L.jpg', 3, 401, 2021, NULL, NULL, '7', 2),
('107', 'Kingdom of the Feared', 'Kerri Maniscalco', '9780316428521', 'https://covers.openlibrary.org/b/isbn/9780316428521-L.jpg', 4, 352, 2022, NULL, NULL, '7', 3),
('108', 'The Traitor Queen', 'Danielle L. Jensen', '9781733090360', 'https://books.google.com/books/content?vid=isbn9781733090360&printsec=frontcover&img=1&zoom=1&source=gbs_api', 3, 336, 2019, NULL, NULL, '9', 2),
('109', 'Legendary', 'Stephanie Garber', '9781250095268', 'https://covers.openlibrary.org/b/isbn/9781250095268-L.jpg', 1, 451, 2018, NULL, NULL, '27', 2),
('110', 'Finale', 'Stephanie Garber', '9781250157625', 'https://covers.openlibrary.org/b/isbn/9781250157625-L.jpg', 2, 407, 2019, NULL, NULL, '27', 3),
('111', 'A Curse for True Love', 'Stephanie Garber', '9781250268433', 'https://covers.openlibrary.org/b/isbn/9781250268433-L.jpg', 2, 407, 2023, NULL, NULL, '37', 3),
('112', 'Once Upon a Broken Heart', 'Stephanie Garber', '9781250268389', 'https://covers.openlibrary.org/b/isbn/9781250268389-L.jpg', 1, 390, 2021, NULL, NULL, '37', 1),
('113', 'Hideaway', 'Penelope Douglas', '9780593642047', 'https://covers.openlibrary.org/b/isbn/9780593642047-L.jpg', 4, 482, 2017, NULL, NULL, '15', 2),
('114', 'Kill Switch', 'Penelope Douglas', '9780593642061', 'https://covers.openlibrary.org/b/isbn/9780593642061-L.jpg', 5, 612, 2019, NULL, NULL, '15', 3),
('115', 'Nightfall', 'Penelope Douglas', '9780593642078', 'https://covers.openlibrary.org/b/isbn/9780593642078-L.jpg', 5, 550, 2020, NULL, NULL, '15', 4),
('116', 'God of Pain', 'Rina Kent', '9781685450830', 'https://books.google.com/books/content?vid=isbn9781685450830&printsec=frontcover&img=1&zoom=1&source=gbs_api', 5, 386, 2023, NULL, NULL, '13', 2),
('117', 'God of Wrath', 'Rina Kent', '9781685450878', 'https://books.google.com/books/content?vid=isbn9781685450878&printsec=frontcover&img=1&zoom=1&source=gbs_api', 5, 394, 2023, NULL, NULL, '13', 3),
('118', 'God of Fury', 'Rina Kent', '9781685450915', 'https://books.google.com/books/content?vid=isbn9781685450915&printsec=frontcover&img=1&zoom=1&source=gbs_api', 5, 410, 2024, NULL, NULL, '13', 4),
('119', 'Shadow and Bone', 'Leigh Bardugo', '9781250027436', 'https://covers.openlibrary.org/b/isbn/9781250027436-L.jpg', 1, 358, 2012, NULL, NULL, '38', 1),
('120', 'Hell Bent', 'Leigh Bardugo', '9781250313102', 'https://covers.openlibrary.org/b/isbn/9781250313102-L.jpg', 2, 481, 2023, NULL, NULL, '28', 2),
('121', 'City of Bones', 'Cassandra Clare', '9781481455923', 'https://covers.openlibrary.org/b/isbn/9781481455923-L.jpg', 1, 485, 2007, NULL, NULL, '39', 1),
('122', 'Clockwork Angel', 'Cassandra Clare', '9781481456029', 'https://covers.openlibrary.org/b/isbn/9781481456029-L.jpg', 1, 476, 2010, NULL, NULL, '40', 1),
('123', 'A Kingdom of Flesh and Fire', 'Jennifer L. Armentrout', '9781952457074', 'https://books.google.com/books/content?vid=isbn9781952457074&printsec=frontcover&img=1&zoom=1&source=gbs_api', 4, 623, 2020, NULL, NULL, '4', 2),
('124', 'The Crown of Gilded Bones', 'Jennifer L. Armentrout', '9781952457128', 'https://books.google.com/books/content?vid=isbn9781952457128&printsec=frontcover&img=1&zoom=1&source=gbs_api', 4, 621, 2021, NULL, NULL, '4', 3),
('125', 'Reminders of Him', 'Colleen Hoover', '9781542025607', 'https://covers.openlibrary.org/b/isbn/9781542025607-L.jpg', 3, 335, 2022, NULL, NULL, NULL, NULL),
('126', 'Heart Bones', 'Colleen Hoover', '9781542027571', 'https://covers.openlibrary.org/b/isbn/9781542027571-L.jpg', 2, 320, 2020, NULL, NULL, NULL, NULL),
('127', 'Layla', 'Colleen Hoover', '9781542000109', 'https://covers.openlibrary.org/b/isbn/9781542000109-L.jpg', 3, 306, 2020, NULL, NULL, NULL, NULL),
('128', 'Things We Left Behind', 'Lucy Score', '9781728276212', 'https://covers.openlibrary.org/b/isbn/9781728276212-L.jpg', 4, 630, 2023, NULL, NULL, '24', 3),
('129', 'Radiant Sin', 'Katee Robert', '9781728231990', 'https://covers.openlibrary.org/b/isbn/9781728231990-L.jpg', 5, 368, 2022, NULL, NULL, '32', 4),
('130', 'Cruel Seduction', 'Katee Robert', '9781728232034', 'https://covers.openlibrary.org/b/isbn/9781728232034-L.jpg', 5, 352, 2023, NULL, NULL, '32', 5),
('131', 'It Happened One Summer', 'Tessa Bailey', '9780063045644', 'https://covers.openlibrary.org/b/isbn/9780063045644-L.jpg', 4, 366, 2021, NULL, NULL, '41', 1),
('132', 'Hook, Line, and Sinker', 'Tessa Bailey', '9780063045699', 'https://covers.openlibrary.org/b/isbn/9780063045699-L.jpg', 4, 372, 2022, NULL, NULL, '41', 2),
('133', 'Secretly Yours', 'Tessa Bailey', '9780063297258', 'https://covers.openlibrary.org/b/isbn/9780063297258-L.jpg', 4, 326, 2023, NULL, NULL, '42', 1),
('134', 'Unfortunately Yours', 'Tessa Bailey', '9780063297302', 'https://covers.openlibrary.org/b/isbn/9780063297302-L.jpg', 4, 355, 2023, NULL, NULL, '42', 2),
('135', 'Part of Your World', 'Abby Jimenez', '9781538704370', 'https://covers.openlibrary.org/b/isbn/9781538704370-L.jpg', 3, 385, 2022, NULL, NULL, NULL, NULL),
('136', 'Yours Truly', 'Abby Jimenez', '9781538704417', 'https://covers.openlibrary.org/b/isbn/9781538704417-L.jpg', 3, 380, 2023, NULL, NULL, NULL, NULL),
('137', 'Just for the Summer', 'Abby Jimenez', '9781538704455', 'https://covers.openlibrary.org/b/isbn/9781538704455-L.jpg', 3, 384, 2024, NULL, NULL, NULL, NULL),
('138', 'The Cheat Sheet', 'Sarah Adams', '9781728259703', 'https://covers.openlibrary.org/b/isbn/9781728259703-L.jpg', 2, 306, 2021, NULL, NULL, NULL, NULL),
('139', 'Practice Makes Perfect', 'Sarah Adams', '9781728289410', 'https://covers.openlibrary.org/b/isbn/9781728289410-L.jpg', 2, 308, 2023, NULL, NULL, NULL, NULL),
('140', 'When in Rome', 'Sarah Adams', '9781728271453', 'https://covers.openlibrary.org/b/isbn/9781728271453-L.jpg', 2, 306, 2022, NULL, NULL, NULL, NULL)
ON CONFLICT DO NOTHING;

-- Book tags
INSERT INTO catalog_book_tags (book_id, tag_id) VALUES
('1', '1'),
('1', '2'),
('1', '3'),
('1', '4'),
('1', '5'),
('1', '6'),
('1', '7'),
('1', '8'),
('1', '9'),
('1', '10'),
('1', '11'),
('1', '12'),
('1', '13'),
('2', '1'),
('2', '2'),
('2', '4'),
('2', '3'),
('2', '5'),
('2', '14'),
('2', '15'),
('2', '16'),
('2', '9'),
('2', '10'),
('2', '11'),
('2', '12'),
('2', '17'),
('3', '1'),
('3', '2'),
('3', '4'),
('3', '18'),
('3', '5'),
('3', '19'),
('3', '6'),
('3', '9'),
('3', '10'),
('3', '13'),
('3', '12'),
('3', '20'),
('4', '1'),
('4', '21'),
('4', '4'),
('4', '22'),
('4', '7'),
('4', '5'),
('4', '23'),
('4', '3'),
('4', '16'),
('4', '9'),
('4', '10'),
('4', '17'),
('4', '12'),
('4', '24'),
('5', '4'),
('5', '22'),
('5', '3'),
('5', '5'),
('5', '6'),
('5', '25'),
('5', '9'),
('5', '10'),
('5', '11'),
('5', '13'),
('5', '20'),
('6', '1'),
('6', '18'),
('6', '22'),
('6', '21'),
('6', '5'),
('6', '23'),
('6', '26'),
('6', '27'),
('6', '28'),
('6', '9'),
('6', '10'),
('6', '17'),
('6', '12'),
('6', '24'),
('7', '21'),
('7', '22'),
('7', '1'),
('7', '4'),
('7', '5'),
('7', '6'),
('7', '16'),
('7', '9'),
('7', '10'),
('7', '13'),
('7', '11'),
('7', '20'),
('8', '29'),
('8', '30'),
('8', '31'),
('8', '3'),
('8', '5'),
('8', '6'),
('8', '32'),
('8', '19'),
('8', '9'),
('8', '10'),
('8', '12'),
('8', '11'),
('8', '13'),
('9', '1'),
('9', '2'),
('9', '30'),
('9', '7'),
('9', '6'),
('9', '16'),
('9', '3'),
('9', '9'),
('9', '33'),
('9', '13'),
('9', '17'),
('9', '11'),
('10', '1'),
('10', '2'),
('10', '30'),
('10', '16'),
('10', '7'),
('10', '9'),
('10', '33'),
('10', '11'),
('10', '17'),
('10', '13'),
('11', '1'),
('11', '34'),
('11', '29'),
('11', '35'),
('11', '27'),
('11', '36'),
('11', '37'),
('11', '9'),
('11', '33'),
('11', '38'),
('11', '11'),
('11', '17'),
('12', '1'),
('12', '34'),
('12', '29'),
('12', '21'),
('12', '39'),
('12', '40'),
('12', '15'),
('12', '9'),
('12', '10'),
('12', '38'),
('12', '12'),
('12', '41'),
('13', '21'),
('13', '42'),
('13', '22'),
('13', '35'),
('13', '6'),
('13', '43'),
('13', '27'),
('13', '9'),
('13', '33'),
('13', '13'),
('13', '24'),
('13', '11'),
('14', '1'),
('14', '44'),
('14', '21'),
('14', '34'),
('14', '45'),
('14', '46'),
('14', '37'),
('14', '9'),
('14', '10'),
('14', '11'),
('14', '17'),
('14', '13'),
('15', '42'),
('15', '29'),
('15', '30'),
('15', '1'),
('15', '47'),
('15', '46'),
('15', '9'),
('15', '33'),
('15', '41'),
('15', '17'),
('15', '12'),
('16', '21'),
('16', '29'),
('16', '22'),
('16', '6'),
('16', '43'),
('16', '48'),
('16', '9'),
('16', '10'),
('16', '13'),
('16', '20'),
('16', '24'),
('17', '21'),
('17', '29'),
('17', '30'),
('17', '49'),
('17', '47'),
('17', '50'),
('17', '51'),
('17', '9'),
('17', '33'),
('17', '38'),
('17', '41'),
('17', '20'),
('18', '21'),
('18', '22'),
('18', '29'),
('18', '6'),
('18', '25'),
('18', '48'),
('18', '9'),
('18', '13'),
('18', '24'),
('18', '11'),
('19', '34'),
('19', '31'),
('19', '52'),
('19', '3'),
('19', '32'),
('19', '53'),
('19', '15'),
('19', '8'),
('19', '54'),
('19', '55'),
('19', '56'),
('19', '38'),
('19', '11'),
('19', '12'),
('20', '34'),
('20', '31'),
('20', '52'),
('20', '3'),
('20', '57'),
('20', '32'),
('20', '53'),
('20', '15'),
('20', '19'),
('20', '58'),
('20', '55'),
('20', '56'),
('20', '38'),
('20', '11'),
('20', '12'),
('20', '59'),
('21', '34'),
('21', '31'),
('21', '52'),
('21', '1'),
('21', '32'),
('21', '60'),
('21', '61'),
('21', '27'),
('21', '47'),
('21', '55'),
('21', '62'),
('21', '63'),
('21', '38'),
('21', '11'),
('21', '12'),
('22', '34'),
('22', '31'),
('22', '57'),
('22', '3'),
('22', '52'),
('22', '64'),
('22', '65'),
('22', '32'),
('22', '19'),
('22', '15'),
('22', '55'),
('22', '66'),
('22', '38'),
('22', '12'),
('22', '11'),
('23', '34'),
('23', '1'),
('23', '52'),
('23', '67'),
('23', '68'),
('23', '54'),
('23', '47'),
('23', '69'),
('23', '55'),
('23', '70'),
('23', '38'),
('23', '71'),
('23', '12'),
('24', '1'),
('24', '57'),
('24', '34'),
('24', '31'),
('24', '60'),
('24', '32'),
('24', '61'),
('24', '27'),
('24', '47'),
('24', '55'),
('24', '62'),
('24', '63'),
('24', '38'),
('24', '11'),
('24', '12'),
('25', '1'),
('25', '72'),
('25', '31'),
('25', '27'),
('25', '26'),
('25', '16'),
('25', '47'),
('25', '55'),
('25', '62'),
('25', '63'),
('25', '17'),
('25', '11'),
('25', '12'),
('26', '29'),
('26', '73'),
('26', '2'),
('26', '64'),
('26', '51'),
('26', '43'),
('26', '55'),
('26', '63'),
('26', '38'),
('26', '12'),
('26', '11'),
('27', '29'),
('27', '73'),
('27', '2'),
('27', '21'),
('27', '16'),
('27', '47'),
('27', '55'),
('27', '74'),
('27', '12'),
('27', '11'),
('27', '17'),
('28', '1'),
('28', '30'),
('28', '27'),
('28', '16'),
('28', '75'),
('28', '57'),
('28', '55'),
('28', '63'),
('28', '17'),
('28', '11'),
('28', '12'),
('29', '76'),
('29', '67'),
('29', '31'),
('29', '21'),
('29', '32'),
('29', '15'),
('29', '77'),
('29', '16'),
('29', '23'),
('29', '55'),
('29', '74'),
('29', '63'),
('29', '17'),
('29', '12'),
('29', '11'),
('30', '78'),
('30', '29'),
('30', '31'),
('30', '21'),
('30', '37'),
('30', '28'),
('30', '7'),
('30', '16'),
('30', '55'),
('30', '74'),
('30', '12'),
('30', '17'),
('30', '11'),
('31', '1'),
('31', '35'),
('31', '76'),
('31', '27'),
('31', '79'),
('31', '16'),
('31', '80'),
('31', '55'),
('31', '74'),
('31', '17'),
('31', '12'),
('31', '71'),
('32', '81'),
('32', '31'),
('32', '34'),
('32', '7'),
('32', '77'),
('32', '32'),
('32', '15'),
('32', '82'),
('32', '53'),
('32', '55'),
('32', '74'),
('32', '56'),
('32', '12'),
('32', '11'),
('32', '17'),
('33', '83'),
('33', '42'),
('33', '21'),
('33', '26'),
('33', '80'),
('33', '23'),
('33', '84'),
('33', '43'),
('33', '74'),
('33', '63'),
('33', '59'),
('33', '20'),
('33', '11'),
('34', '83'),
('34', '21'),
('34', '26'),
('34', '85'),
('34', '86'),
('34', '74'),
('34', '20'),
('34', '87'),
('34', '59'),
('35', '88'),
('35', '21'),
('35', '83'),
('35', '23'),
('35', '26'),
('35', '16'),
('35', '89'),
('35', '47'),
('35', '74'),
('35', '63'),
('35', '17'),
('35', '12'),
('35', '59'),
('36', '34'),
('36', '21'),
('36', '90'),
('36', '91'),
('36', '92'),
('36', '93'),
('36', '47'),
('36', '94'),
('36', '95'),
('36', '84'),
('36', '96'),
('36', '49'),
('36', '97'),
('36', '55'),
('36', '38'),
('36', '11'),
('36', '41'),
('37', '83'),
('37', '21'),
('37', '30'),
('37', '92'),
('37', '95'),
('37', '16'),
('37', '47'),
('37', '91'),
('37', '74'),
('37', '63'),
('37', '20'),
('37', '17'),
('37', '11'),
('38', '30'),
('38', '21'),
('38', '98'),
('38', '47'),
('38', '26'),
('38', '48'),
('38', '74'),
('38', '20'),
('38', '17'),
('38', '41'),
('39', '81'),
('39', '67'),
('39', '7'),
('39', '73'),
('39', '99'),
('39', '28'),
('39', '16'),
('39', '100'),
('39', '101'),
('39', '74'),
('39', '70'),
('39', '71'),
('39', '102'),
('39', '12'),
('40', '1'),
('40', '67'),
('40', '35'),
('40', '7'),
('40', '103'),
('40', '16'),
('40', '100'),
('40', '74'),
('40', '70'),
('40', '71'),
('40', '102'),
('40', '12'),
('41', '1'),
('41', '2'),
('41', '67'),
('41', '104'),
('41', '100'),
('41', '101'),
('41', '79'),
('41', '74'),
('41', '70'),
('41', '71'),
('41', '20'),
('41', '87'),
('42', '88'),
('42', '21'),
('42', '83'),
('42', '7'),
('42', '69'),
('42', '16'),
('42', '86'),
('42', '80'),
('42', '101'),
('42', '89'),
('42', '74'),
('42', '70'),
('42', '71'),
('42', '20'),
('42', '87'),
('43', '1'),
('43', '67'),
('43', '2'),
('43', '7'),
('43', '100'),
('43', '35'),
('43', '16'),
('43', '74'),
('43', '70'),
('43', '71'),
('43', '87'),
('43', '102'),
('44', '83'),
('44', '81'),
('44', '2'),
('44', '88'),
('44', '86'),
('44', '16'),
('44', '80'),
('44', '105'),
('44', '74'),
('44', '70'),
('44', '20'),
('44', '71'),
('44', '87'),
('45', '81'),
('45', '2'),
('45', '67'),
('45', '101'),
('45', '104'),
('45', '7'),
('45', '74'),
('45', '70'),
('45', '71'),
('45', '20'),
('45', '87'),
('46', '44'),
('46', '1'),
('46', '67'),
('46', '31'),
('46', '77'),
('46', '82'),
('46', '45'),
('46', '7'),
('46', '28'),
('46', '74'),
('46', '63'),
('46', '12'),
('46', '17'),
('46', '11'),
('47', '29'),
('47', '67'),
('47', '21'),
('47', '7'),
('47', '77'),
('47', '99'),
('47', '16'),
('47', '101'),
('47', '74'),
('47', '63'),
('47', '12'),
('47', '17'),
('47', '20'),
('48', '83'),
('48', '18'),
('48', '7'),
('48', '21'),
('48', '77'),
('48', '23'),
('48', '16'),
('48', '86'),
('48', '106'),
('48', '74'),
('48', '63'),
('48', '17'),
('48', '20'),
('48', '12'),
('49', '67'),
('49', '2'),
('49', '7'),
('49', '105'),
('49', '101'),
('49', '28'),
('49', '16'),
('49', '107'),
('49', '74'),
('49', '63'),
('49', '102'),
('49', '12'),
('49', '71'),
('50', '1'),
('50', '2'),
('50', '7'),
('50', '27'),
('50', '16'),
('50', '101'),
('50', '107'),
('50', '74'),
('50', '63'),
('50', '12'),
('50', '71'),
('50', '17'),
('51', '88'),
('51', '76'),
('51', '7'),
('51', '16'),
('51', '100'),
('51', '26'),
('51', '107'),
('51', '74'),
('51', '63'),
('51', '102'),
('51', '12'),
('51', '20'),
('52', '67'),
('52', '81'),
('52', '7'),
('52', '31'),
('52', '28'),
('52', '101'),
('52', '16'),
('52', '107'),
('52', '74'),
('52', '12'),
('52', '71'),
('52', '102'),
('53', '67'),
('53', '2'),
('53', '7'),
('53', '21'),
('53', '85'),
('53', '26'),
('53', '16'),
('53', '107'),
('53', '74'),
('53', '12'),
('53', '102'),
('53', '20'),
('54', '67'),
('54', '2'),
('54', '7'),
('54', '31'),
('54', '28'),
('54', '16'),
('54', '23'),
('54', '107'),
('54', '74'),
('54', '12'),
('54', '102'),
('54', '71'),
('55', '44'),
('55', '34'),
('55', '31'),
('55', '29'),
('55', '65'),
('55', '45'),
('55', '61'),
('55', '15'),
('55', '66'),
('55', '55'),
('55', '38'),
('55', '12'),
('55', '11'),
('56', '44'),
('56', '34'),
('56', '31'),
('56', '73'),
('56', '65'),
('56', '45'),
('56', '32'),
('56', '61'),
('56', '27'),
('56', '66'),
('56', '55'),
('56', '12'),
('56', '11'),
('56', '38'),
('57', '1'),
('57', '34'),
('57', '31'),
('57', '21'),
('57', '65'),
('57', '32'),
('57', '15'),
('57', '54'),
('57', '108'),
('57', '66'),
('57', '55'),
('57', '17'),
('57', '12'),
('57', '11'),
('58', '88'),
('58', '21'),
('58', '29'),
('58', '109'),
('58', '48'),
('58', '25'),
('58', '16'),
('58', '43'),
('58', '5'),
('58', '110'),
('58', '111'),
('58', '59'),
('58', '20'),
('58', '13'),
('59', '21'),
('59', '22'),
('59', '18'),
('59', '43'),
('59', '48'),
('59', '112'),
('59', '39'),
('59', '110'),
('59', '9'),
('59', '24'),
('59', '20'),
('59', '13'),
('60', '29'),
('60', '21'),
('60', '30'),
('60', '89'),
('60', '48'),
('60', '113'),
('60', '114'),
('60', '115'),
('60', '47'),
('60', '110'),
('60', '111'),
('60', '20'),
('60', '59'),
('60', '24'),
('61', '81'),
('61', '1'),
('61', '67'),
('61', '7'),
('61', '103'),
('61', '28'),
('61', '16'),
('61', '101'),
('61', '74'),
('61', '70'),
('61', '71'),
('61', '102'),
('61', '12'),
('62', '2'),
('62', '67'),
('62', '7'),
('62', '105'),
('62', '104'),
('62', '100'),
('62', '16'),
('62', '28'),
('62', '74'),
('62', '70'),
('62', '12'),
('62', '71'),
('62', '102'),
('63', '67'),
('63', '2'),
('63', '22'),
('63', '7'),
('63', '85'),
('63', '101'),
('63', '16'),
('63', '15'),
('63', '28'),
('63', '74'),
('63', '70'),
('63', '71'),
('63', '87'),
('63', '12'),
('64', '67'),
('64', '2'),
('64', '7'),
('64', '21'),
('64', '23'),
('64', '26'),
('64', '16'),
('64', '15'),
('64', '74'),
('64', '70'),
('64', '71'),
('64', '87'),
('64', '12'),
('65', '72'),
('65', '88'),
('65', '21'),
('65', '109'),
('65', '16'),
('65', '43'),
('65', '48'),
('65', '26'),
('65', '74'),
('65', '33'),
('65', '59'),
('65', '20'),
('65', '102'),
('66', '21'),
('66', '29'),
('66', '34'),
('66', '89'),
('66', '48'),
('66', '116'),
('66', '112'),
('66', '16'),
('66', '43'),
('66', '9'),
('66', '110'),
('66', '20'),
('66', '13'),
('66', '59'),
('67', '1'),
('67', '34'),
('67', '3'),
('67', '42'),
('67', '6'),
('67', '117'),
('67', '14'),
('67', '43'),
('67', '48'),
('67', '33'),
('67', '9'),
('67', '17'),
('67', '11'),
('67', '20'),
('68', '1'),
('68', '35'),
('68', '67'),
('68', '105'),
('68', '103'),
('68', '7'),
('68', '101'),
('68', '16'),
('68', '28'),
('68', '74'),
('68', '70'),
('68', '71'),
('68', '12'),
('68', '102'),
('69', '67'),
('69', '81'),
('69', '7'),
('69', '101'),
('69', '16'),
('69', '28'),
('69', '118'),
('69', '74'),
('69', '70'),
('69', '12'),
('69', '102'),
('69', '20'),
('70', '81'),
('70', '21'),
('70', '67'),
('70', '7'),
('70', '106'),
('70', '28'),
('70', '16'),
('70', '99'),
('70', '101'),
('70', '107'),
('70', '74'),
('70', '87'),
('70', '12'),
('70', '102'),
('71', '1'),
('71', '21'),
('71', '2'),
('71', '67'),
('71', '35'),
('71', '27'),
('71', '7'),
('71', '16'),
('71', '107'),
('71', '74'),
('71', '71'),
('71', '87'),
('71', '12'),
('72', '21'),
('72', '73'),
('72', '67'),
('72', '1'),
('72', '7'),
('72', '16'),
('72', '27'),
('72', '35'),
('72', '107'),
('72', '74'),
('72', '71'),
('72', '87'),
('72', '20'),
('73', '1'),
('73', '35'),
('73', '21'),
('73', '2'),
('73', '64'),
('73', '5'),
('73', '6'),
('73', '27'),
('73', '14'),
('73', '9'),
('73', '62'),
('73', '63'),
('73', '17'),
('73', '11'),
('73', '13'),
('74', '21'),
('74', '29'),
('74', '30'),
('74', '92'),
('74', '49'),
('74', '51'),
('74', '112'),
('74', '43'),
('74', '9'),
('74', '33'),
('74', '41'),
('74', '13'),
('74', '11'),
('75', '21'),
('75', '35'),
('75', '29'),
('75', '4'),
('75', '48'),
('75', '16'),
('75', '5'),
('75', '89'),
('75', '9'),
('75', '110'),
('75', '41'),
('75', '87'),
('75', '20'),
('76', '34'),
('76', '22'),
('76', '21'),
('76', '47'),
('76', '58'),
('76', '49'),
('76', '108'),
('76', '23'),
('76', '119'),
('76', '9'),
('76', '55'),
('76', '38'),
('76', '41'),
('76', '11'),
('77', '21'),
('77', '22'),
('77', '34'),
('77', '1'),
('77', '120'),
('77', '16'),
('77', '23'),
('77', '108'),
('77', '9'),
('77', '33'),
('77', '13'),
('77', '11'),
('77', '38'),
('78', '21'),
('78', '22'),
('78', '34'),
('78', '120'),
('78', '16'),
('78', '23'),
('78', '57'),
('78', '108'),
('78', '9'),
('78', '33'),
('78', '13'),
('78', '11'),
('78', '20'),
('79', '4'),
('79', '22'),
('79', '21'),
('79', '5'),
('79', '6'),
('79', '14'),
('79', '3'),
('79', '9'),
('79', '10'),
('79', '11'),
('79', '13'),
('79', '12'),
('80', '67'),
('80', '52'),
('80', '7'),
('80', '22'),
('80', '99'),
('80', '101'),
('80', '100'),
('80', '16'),
('80', '9'),
('80', '70'),
('80', '71'),
('80', '102'),
('80', '87'),
('81', '1'),
('81', '34'),
('81', '31'),
('81', '44'),
('81', '45'),
('81', '15'),
('81', '32'),
('81', '9'),
('81', '55'),
('81', '10'),
('81', '38'),
('81', '12'),
('81', '11'),
('82', '1'),
('82', '34'),
('82', '31'),
('82', '29'),
('82', '32'),
('82', '15'),
('82', '5'),
('82', '36'),
('82', '28'),
('82', '9'),
('82', '55'),
('82', '10'),
('82', '38'),
('82', '12'),
('82', '17'),
('83', '21'),
('83', '67'),
('83', '7'),
('83', '26'),
('83', '23'),
('83', '16'),
('83', '43'),
('83', '48'),
('83', '74'),
('83', '20'),
('83', '59'),
('83', '87'),
('84', '34'),
('84', '1'),
('84', '35'),
('84', '22'),
('84', '108'),
('84', '47'),
('84', '58'),
('84', '50'),
('84', '116'),
('84', '9'),
('84', '55'),
('84', '38'),
('84', '41'),
('84', '11'),
('85', '1'),
('85', '44'),
('85', '2'),
('85', '7'),
('85', '121'),
('85', '122'),
('85', '45'),
('85', '101'),
('85', '28'),
('85', '123'),
('85', '9'),
('85', '12'),
('85', '71'),
('85', '11'),
('86', '1'),
('86', '35'),
('86', '67'),
('86', '7'),
('86', '16'),
('86', '43'),
('86', '100'),
('86', '74'),
('86', '33'),
('86', '71'),
('86', '102'),
('86', '87'),
('87', '34'),
('87', '73'),
('87', '2'),
('87', '21'),
('87', '47'),
('87', '49'),
('87', '124'),
('87', '32'),
('87', '15'),
('87', '55'),
('87', '56'),
('87', '38'),
('87', '41'),
('87', '12'),
('88', '30'),
('88', '21'),
('88', '98'),
('88', '92'),
('88', '47'),
('88', '91'),
('88', '95'),
('88', '89'),
('88', '74'),
('88', '56'),
('88', '41'),
('88', '20'),
('88', '59'),
('89', '29'),
('89', '1'),
('89', '34'),
('89', '31'),
('89', '118'),
('89', '61'),
('89', '27'),
('89', '28'),
('89', '15'),
('89', '36'),
('89', '55'),
('89', '74'),
('89', '12'),
('89', '38'),
('89', '11'),
('90', '81'),
('90', '34'),
('90', '31'),
('90', '67'),
('90', '118'),
('90', '32'),
('90', '28'),
('90', '108'),
('90', '55'),
('90', '74'),
('90', '12'),
('90', '38'),
('90', '71'),
('91', '1'),
('91', '35'),
('91', '34'),
('91', '42'),
('91', '64'),
('91', '27'),
('91', '61'),
('91', '118'),
('91', '55'),
('91', '74'),
('91', '12'),
('91', '38'),
('91', '11'),
('92', '21'),
('92', '2'),
('92', '29'),
('92', '83'),
('92', '125'),
('92', '5'),
('92', '25'),
('92', '126'),
('92', '127'),
('92', '111'),
('92', '9'),
('92', '13'),
('92', '12'),
('92', '20'),
('93', '1'),
('93', '21'),
('93', '29'),
('93', '14'),
('93', '6'),
('93', '48'),
('93', '36'),
('93', '9'),
('93', '38'),
('93', '24'),
('93', '11'),
('94', '1'),
('94', '34'),
('94', '29'),
('94', '21'),
('94', '37'),
('94', '27'),
('94', '36'),
('94', '46'),
('94', '9'),
('94', '33'),
('94', '38'),
('94', '11'),
('94', '17'),
('95', '1'),
('95', '34'),
('95', '29'),
('95', '37'),
('95', '27'),
('95', '18'),
('95', '7'),
('95', '9'),
('95', '33'),
('95', '11'),
('95', '17'),
('95', '24'),
('96', '1'),
('96', '2'),
('96', '44'),
('96', '30'),
('96', '39'),
('96', '45'),
('96', '101'),
('96', '27'),
('96', '9'),
('96', '33'),
('96', '13'),
('96', '17'),
('96', '71'),
('97', '1'),
('97', '21'),
('97', '67'),
('97', '22'),
('97', '100'),
('97', '34'),
('97', '4'),
('97', '43'),
('97', '9'),
('97', '33'),
('97', '13'),
('97', '87'),
('97', '20'),
('98', '1'),
('98', '35'),
('98', '21'),
('98', '7'),
('98', '75'),
('98', '25'),
('98', '16'),
('98', '4'),
('98', '100'),
('98', '9'),
('98', '33'),
('98', '20'),
('98', '17'),
('98', '13'),
('99', '1'),
('99', '98'),
('99', '21'),
('99', '4'),
('99', '75'),
('99', '25'),
('99', '16'),
('99', '26'),
('99', '7'),
('99', '9'),
('99', '33'),
('99', '17'),
('99', '59'),
('99', '11'),
('100', '1'),
('100', '34'),
('100', '31'),
('100', '29'),
('100', '5'),
('100', '32'),
('100', '15'),
('100', '80'),
('100', '9'),
('100', '55'),
('100', '17'),
('100', '12'),
('100', '11'),
('101', '1'),
('101', '4'),
('101', '3'),
('101', '2'),
('101', '5'),
('101', '14'),
('101', '47'),
('101', '16'),
('101', '9'),
('101', '10'),
('101', '11'),
('101', '12'),
('101', '17'),
('102', '22'),
('102', '21'),
('102', '5'),
('102', '128'),
('102', '26'),
('102', '9'),
('102', '10'),
('102', '87'),
('102', '102'),
('102', '20'),
('103', '21'),
('103', '22'),
('103', '4'),
('103', '5'),
('103', '14'),
('103', '58'),
('103', '6'),
('103', '9'),
('103', '10'),
('103', '13'),
('103', '11'),
('103', '12'),
('104', '21'),
('104', '30'),
('104', '22'),
('104', '6'),
('104', '47'),
('104', '92'),
('104', '43'),
('104', '9'),
('104', '33'),
('104', '13'),
('104', '11'),
('104', '17'),
('105', '21'),
('105', '22'),
('105', '1'),
('105', '18'),
('105', '6'),
('105', '23'),
('105', '43'),
('105', '25'),
('105', '9'),
('105', '33'),
('105', '24'),
('105', '11'),
('105', '20'),
('106', '1'),
('106', '34'),
('106', '21'),
('106', '29'),
('106', '47'),
('106', '46'),
('106', '39'),
('106', '9'),
('106', '10'),
('106', '38'),
('106', '12'),
('106', '41'),
('107', '1'),
('107', '34'),
('107', '31'),
('107', '92'),
('107', '95'),
('107', '32'),
('107', '39'),
('107', '9'),
('107', '10'),
('107', '12'),
('107', '11'),
('107', '38'),
('108', '1'),
('108', '44'),
('108', '21'),
('108', '46'),
('108', '37'),
('108', '25'),
('108', '16'),
('108', '9'),
('108', '10'),
('108', '11'),
('108', '17'),
('108', '13'),
('109', '21'),
('109', '29'),
('109', '30'),
('109', '42'),
('109', '92'),
('109', '49'),
('109', '112'),
('109', '9'),
('109', '33'),
('109', '41'),
('109', '13'),
('109', '11'),
('110', '21'),
('110', '29'),
('110', '4'),
('110', '92'),
('110', '95'),
('110', '5'),
('110', '9'),
('110', '33'),
('110', '11'),
('110', '20'),
('110', '13'),
('111', '98'),
('111', '34'),
('111', '29'),
('111', '4'),
('111', '92'),
('111', '52'),
('111', '47'),
('111', '9'),
('111', '33'),
('111', '41'),
('111', '17'),
('111', '11'),
('112', '34'),
('112', '29'),
('112', '52'),
('112', '21'),
('112', '47'),
('112', '4'),
('112', '16'),
('112', '9'),
('112', '33'),
('112', '41'),
('112', '13'),
('112', '17'),
('113', '1'),
('113', '34'),
('113', '31'),
('113', '2'),
('113', '60'),
('113', '47'),
('113', '32'),
('113', '19'),
('113', '55'),
('113', '62'),
('113', '63'),
('113', '38'),
('113', '11'),
('113', '12'),
('114', '1'),
('114', '34'),
('114', '57'),
('114', '31'),
('114', '32'),
('114', '15'),
('114', '23'),
('114', '53'),
('114', '55'),
('114', '62'),
('114', '38'),
('114', '11'),
('114', '12'),
('115', '1'),
('115', '2'),
('115', '34'),
('115', '60'),
('115', '51'),
('115', '47'),
('115', '31'),
('115', '55'),
('115', '62'),
('115', '38'),
('115', '11'),
('115', '12'),
('116', '1'),
('116', '34'),
('116', '31'),
('116', '29'),
('116', '32'),
('116', '61'),
('116', '47'),
('116', '23'),
('116', '55'),
('116', '62'),
('116', '63'),
('116', '38'),
('116', '11'),
('116', '17'),
('117', '34'),
('117', '31'),
('117', '1'),
('117', '73'),
('117', '32'),
('117', '61'),
('117', '53'),
('117', '28'),
('117', '55'),
('117', '62'),
('117', '63'),
('117', '38'),
('117', '12'),
('117', '11'),
('118', '1'),
('118', '34'),
('118', '31'),
('118', '35'),
('118', '32'),
('118', '53'),
('118', '29'),
('118', '16'),
('118', '55'),
('118', '62'),
('118', '63'),
('118', '38'),
('118', '11'),
('118', '12'),
('119', '1'),
('119', '34'),
('119', '21'),
('119', '4'),
('119', '6'),
('119', '43'),
('119', '42'),
('119', '47'),
('119', '9'),
('119', '33'),
('119', '13'),
('119', '11'),
('119', '38'),
('120', '34'),
('120', '22'),
('120', '21'),
('120', '47'),
('120', '58'),
('120', '108'),
('120', '23'),
('120', '49'),
('120', '9'),
('120', '55'),
('120', '38'),
('120', '11'),
('120', '41'),
('121', '29'),
('121', '21'),
('121', '22'),
('121', '30'),
('121', '6'),
('121', '43'),
('121', '42'),
('121', '47'),
('121', '9'),
('121', '33'),
('121', '13'),
('121', '11'),
('121', '41'),
('122', '42'),
('122', '21'),
('122', '29'),
('122', '30'),
('122', '43'),
('122', '16'),
('122', '48'),
('122', '25'),
('122', '9'),
('122', '33'),
('122', '111'),
('122', '13'),
('122', '20'),
('122', '41'),
('123', '1'),
('123', '31'),
('123', '29'),
('123', '21'),
('123', '5'),
('123', '6'),
('123', '32'),
('123', '3'),
('123', '9'),
('123', '10'),
('123', '12'),
('123', '11'),
('123', '17'),
('124', '31'),
('124', '4'),
('124', '22'),
('124', '5'),
('124', '6'),
('124', '3'),
('124', '32'),
('124', '9'),
('124', '10'),
('124', '11'),
('124', '12'),
('124', '13'),
('125', '83'),
('125', '29'),
('125', '18'),
('125', '21'),
('125', '26'),
('125', '85'),
('125', '23'),
('125', '16'),
('125', '74'),
('125', '59'),
('125', '20'),
('125', '11'),
('126', '67'),
('126', '21'),
('126', '2'),
('126', '43'),
('126', '26'),
('126', '101'),
('126', '47'),
('126', '74'),
('126', '33'),
('126', '20'),
('126', '87'),
('126', '17'),
('127', '21'),
('127', '30'),
('127', '42'),
('127', '92'),
('127', '95'),
('127', '49'),
('127', '93'),
('127', '51'),
('127', '74'),
('127', '123'),
('127', '56'),
('127', '41'),
('127', '11'),
('127', '20'),
('128', '1'),
('128', '72'),
('128', '67'),
('128', '21'),
('128', '77'),
('128', '16'),
('128', '86'),
('128', '31'),
('128', '26'),
('128', '74'),
('128', '70'),
('128', '17'),
('128', '12'),
('128', '20'),
('129', '81'),
('129', '34'),
('129', '21'),
('129', '29'),
('129', '129'),
('129', '50'),
('129', '118'),
('129', '55'),
('129', '74'),
('129', '12'),
('129', '41'),
('129', '38'),
('130', '44'),
('130', '34'),
('130', '1'),
('130', '45'),
('130', '61'),
('130', '36'),
('130', '118'),
('130', '55'),
('130', '74'),
('130', '12'),
('130', '38'),
('130', '11'),
('131', '67'),
('131', '2'),
('131', '7'),
('131', '31'),
('131', '101'),
('131', '28'),
('131', '16'),
('131', '27'),
('131', '74'),
('131', '70'),
('131', '71'),
('131', '12'),
('131', '102'),
('132', '88'),
('132', '67'),
('132', '7'),
('132', '21'),
('132', '16'),
('132', '23'),
('132', '18'),
('132', '101'),
('132', '74'),
('132', '70'),
('132', '20'),
('132', '12'),
('132', '87'),
('133', '67'),
('133', '7'),
('133', '73'),
('133', '21'),
('133', '104'),
('133', '16'),
('133', '101'),
('133', '28'),
('133', '74'),
('133', '70'),
('133', '71'),
('133', '12'),
('133', '102'),
('134', '1'),
('134', '81'),
('134', '2'),
('134', '67'),
('134', '106'),
('134', '101'),
('134', '16'),
('134', '27'),
('134', '74'),
('134', '70'),
('134', '71'),
('134', '12'),
('134', '17'),
('135', '67'),
('135', '73'),
('135', '29'),
('135', '7'),
('135', '101'),
('135', '16'),
('135', '28'),
('135', '115'),
('135', '74'),
('135', '70'),
('135', '20'),
('135', '71'),
('135', '87'),
('136', '81'),
('136', '67'),
('136', '7'),
('136', '21'),
('136', '75'),
('136', '101'),
('136', '16'),
('136', '26'),
('136', '74'),
('136', '70'),
('136', '20'),
('136', '71'),
('136', '87'),
('137', '81'),
('137', '2'),
('137', '7'),
('137', '69'),
('137', '101'),
('137', '16'),
('137', '74'),
('137', '70'),
('137', '71'),
('137', '20'),
('137', '87'),
('138', '88'),
('138', '7'),
('138', '21'),
('138', '16'),
('138', '28'),
('138', '101'),
('138', '100'),
('138', '107'),
('138', '74'),
('138', '70'),
('138', '102'),
('138', '71'),
('138', '87'),
('139', '1'),
('139', '2'),
('139', '67'),
('139', '104'),
('139', '101'),
('139', '7'),
('139', '16'),
('139', '74'),
('139', '70'),
('139', '71'),
('139', '102'),
('139', '87'),
('140', '67'),
('140', '2'),
('140', '7'),
('140', '21'),
('140', '101'),
('140', '16'),
('140', '30'),
('140', '74'),
('140', '70'),
('140', '87'),
('140', '102'),
('140', '71')
ON CONFLICT DO NOTHING;

-- Book vibes
INSERT INTO catalog_book_vibes (id, book_id, vibe_text, sort_order) VALUES
(1, '1', 'He''s her enemy. He''s also the only one who''d burn the world for her. 🔥', 0),
(2, '1', 'Dragons choose you or you die. No retakes, no second chances.', 1),
(3, '1', 'The slow burn will have you screaming at 2am. Worth it.', 2),
(4, '1', '"Touch her and find out" energy — but with actual dragons. 🐉', 3),
(5, '2', 'Everything you thought you knew? Lies. ALL of it. 💀', 0),
(6, '2', 'He''ll betray everyone to keep her safe. Even her.', 1),
(7, '2', 'The angst is so thick you could cut it with a sword.', 2),
(8, '2', 'Trust no one. Especially not the ones you love.', 3),
(9, '3', 'She thinks she''s saving him. She has no idea what''s coming. 🌹', 0),
(10, '3', 'Book 1 is the appetizer. Book 2 will WRECK you.', 1),
(11, '3', 'Beauty and the Beast but make it fae and unhinged.', 2),
(12, '3', 'You''ll hate who you love and love who you hate.', 3),
(13, '4', 'The greatest book boyfriend redemption arc in history. Period. 👑', 0),
(14, '4', 'She was broken. He waited. That''s it. That''s the book. 😭', 1),
(15, '4', 'You will literally throw ACOTAR across the room and pick THIS up.', 2),
(16, '4', '"I would have been gentle with you, too." — if you know, you know.', 3),
(17, '5', 'She went from prey to the most powerful thing in the room. 🔥', 0),
(18, '5', 'The found family content will heal your soul.', 1),
(19, '5', 'War is coming and you will feel EVERYTHING.', 2),
(20, '5', 'The bat boys. That''s it. That''s the vibe.', 3),
(21, '6', 'She''s a mess. He''s patient. The tension is UNREAL. 🔥', 0),
(22, '6', 'The spiciest ACOTAR book and it''s not even close.', 1),
(23, '6', 'Her healing arc will make you sob on the treadmill.', 2),
(24, '6', 'Nesta Archeron supremacy. That''s all. 👑', 3),
(25, '7', '800 pages and you won''t want it to end. 📖', 0),
(26, '7', 'The last 100 pages will ruin you for a week.', 1),
(27, '7', 'Fantasy meets modern city vibes — clubs, phones, AND magic.', 2),
(28, '7', 'Push through the first 200 pages. Trust. Me.', 3),
(29, '8', 'He''s not allowed to touch her. He can''t stop. 🫣', 0),
(30, '8', 'The plot twist will make you restart the book immediately.', 1),
(31, '8', 'Possessive hero energy at level 1000.', 2),
(32, '8', '"What if he''s not who you think he is?" — CORRECT.', 3),
(33, '9', 'She''s the only one without powers. She''s also the most dangerous. 💪', 0),
(34, '9', 'He falls first AND he falls HARD.', 1),
(35, '9', 'Hunger Games meets enemies-to-lovers and it works perfectly.', 2),
(36, '9', 'The secret identity reveal will END you.', 3),
(37, '10', 'The pining in this book is AGGRESSIVE. 😩', 0),
(38, '10', 'He can''t stay away. She won''t let him close.', 1),
(39, '10', 'More betrayal, more angst, more "WHY."', 2),
(40, '10', 'Second book syndrome? She doesn''t know her.', 3),
(41, '11', 'He torments her. She outplays him. The tension is ELECTRIC. ⚡', 0),
(42, '11', 'She''s human in a world of faeries. She''s also the scariest one there.', 1),
(43, '11', 'The enemies part is REAL. Like actually hate each other.', 2),
(44, '11', 'Jude Duarte doesn''t need saving. She needs a crown. 👑', 3),
(45, '12', 'A witch and the devil walk into a murder mystery... 🔮', 0),
(46, '12', 'He''s literally the Prince of Hell. You''ll still simp.', 1),
(47, '12', 'Italian setting, dark magic, and tension you can TASTE.', 2),
(48, '12', 'The slow burn across 3 books is *chef''s kiss*.', 3),
(49, '13', 'She''s an assassin. In a competition. With boys who underestimate her. 🗡️', 0),
(50, '13', 'Book 1 is YA. By book 3 you''ll need therapy.', 1),
(51, '13', 'The series glow-up is the greatest in fantasy history.', 2),
(52, '13', 'Start here if you want to fall in love with SJM forever.', 3),
(53, '14', 'She was sent to destroy him. She fell in love instead. 💔', 0),
(54, '14', 'The betrayal reveal will PHYSICALLY hurt you.', 1),
(55, '14', 'Underrated enemies-to-lovers that deserves more hype.', 2),
(56, '14', 'Arranged marriage where both are playing each other. Chef''s kiss.', 3),
(57, '15', 'Two fae princes. Both want her. Neither is telling the truth. 👀', 0),
(58, '15', 'The love triangle where you genuinely can''t choose.', 1),
(59, '15', 'Faerie deals, stolen thrones, and trust issues.', 2),
(60, '15', 'ACOTAR vibes but with more deception.', 3),
(61, '16', 'Chinese mythology retold with the most beautiful prose. ✨', 0),
(62, '16', 'Slow burn so slow you''ll beg for a crumb of romance.', 1),
(63, '16', 'She hides who she is to save her mother. The loyalty is real.', 2),
(64, '16', 'If you love lush worldbuilding and gentle romance — this is it.', 3),
(65, '17', '12 Dancing Princesses retelling but make it HORROR. 💀', 0),
(66, '17', 'Sisters keep dying and no one will say why.', 1),
(67, '17', 'Gothic manor, creepy sea, trust nobody.', 2),
(68, '17', 'The atmosphere alone will give you chills.', 3),
(69, '18', '827 pages of dragon queens, women warriors, and sapphic love. 🐉', 0),
(70, '18', 'Epic fantasy that doesn''t need a man to save the world.', 1),
(71, '18', 'If you want Game of Thrones but feminist — here.', 2),
(72, '18', 'The world-building is so rich you''ll need a map (there is one).', 3),
(73, '19', 'He watches her. She knows. She shouldn''t like it. She does. 👁️', 0),
(74, '19', 'This is NOT a safe book. You''ve been warned. You''ll read it anyway.', 1),
(75, '19', 'Morally grey? No. Morally VOID. And you''ll be obsessed.', 2),
(76, '19', 'The definition of "I can fix him" — except you can''t. And you won''t want to. 💀', 3),
(77, '20', 'Book 1 was dark. Book 2 is DEVASTATING. 💔', 0),
(78, '20', 'He will burn the world to find her. And he does.', 1),
(79, '20', 'Content warnings exist for a reason. Read them.', 2),
(80, '20', 'The most intense rescue arc in dark romance. Period.', 3),
(81, '21', 'He wears a mask. She shouldn''t want to know what''s underneath. 🎭', 0),
(82, '21', 'Bully romance but make it elite, dark, and completely unhinged.', 1),
(83, '21', 'He doesn''t do feelings. Until her. Then he does them violently.', 2),
(84, '21', 'If "possessive" and "obsessed" are your love languages — welcome home.', 3),
(85, '22', 'Four men. All dangerous. All hers. ALL obsessed. 🐍', 0),
(86, '22', 'Reverse harem where every guy is worse than the last (compliment).', 1),
(87, '22', 'She was supposed to be a debt. She became their queen.', 2),
(88, '22', 'If you want one possessive hero — here''s FOUR.', 3),
(89, '23', 'Two serial killers who only kill bad people fall in love. Yes, really. 🔪❤️', 0),
(90, '23', 'The most unhinged rom-com you''ll ever read.', 1),
(91, '23', 'Dark romance but make it FUNNY and wholesome??', 2),
(92, '23', 'You''ll laugh, you''ll swoon, you''ll question your morals.', 3),
(93, '24', 'Three years ago they destroyed her. Now they''re back. 🎃', 0),
(94, '24', 'Masks, revenge, and a night where anything goes.', 1),
(95, '24', 'The OG bully romance that started it all.', 2),
(96, '24', 'Devil''s Night is not Halloween. It''s worse.', 3),
(97, '25', 'He was her best friend. Then he made her life hell. WHY. 😭', 0),
(98, '25', 'The angst of not knowing why he turned on her will CONSUME you.', 1),
(99, '25', 'Childhood friends to enemies to "oh no" to lovers.', 2),
(100, '25', 'She doesn''t break. That''s what makes it so good.', 3),
(101, '26', 'Snowed in. Middle of nowhere. Three men. Zero rules. ❄️', 0),
(102, '26', 'The most taboo PenDog book and that''s saying something.', 1),
(103, '26', 'If you need content warnings — YES. All of them.', 2),
(104, '26', 'You''ll either DNF in chapter 2 or devour it in one sitting.', 3),
(105, '27', 'She''s dating his son. She lives in his house. The tension is ILLEGAL. 🎂', 0),
(106, '27', 'Age gap done RIGHT — respectful but still scorching.', 1),
(107, '27', 'The pining is so quiet and painful you''ll combust.', 2),
(108, '27', 'PenDog''s best standalone. Fight me.', 3),
(109, '28', 'Pen pals for years. He shows up at her school. She doesn''t recognize him. 📝', 0),
(110, '28', 'He knows exactly who she is. She has no idea.', 1),
(111, '28', 'The identity reveal is *everything*.', 2),
(112, '28', 'Angsty, messy, unhinged teenagers. Peak PenDog.', 3),
(113, '29', 'He doesn''t feel emotions. Until her. Then he feels ALL of them. 🖤', 0),
(114, '29', 'Brother''s best friend who would literally commit crimes for her.', 1),
(115, '29', 'Cold, calculating, billionaire genius — melted by sunshine girl.', 2),
(116, '29', 'The Ana Huang gateway drug. You''ll read all four.', 3),
(117, '30', 'He''s her bodyguard. He''s NOT supposed to want her. He does. Badly. 🛡️', 0),
(118, '30', 'Princess + protector who''d start wars for her.', 1),
(119, '30', 'The forbidden aspect makes every touch feel electric.', 2),
(120, '30', 'Rhys but make him modern, military, and UNHINGED.', 3),
(121, '31', 'They HATE each other. The chemistry says otherwise. 🔥', 0),
(122, '31', 'The spiciest Twisted book. By far.', 1),
(123, '31', 'She''s a brat. He can''t stand her. They can''t stop. 😏', 2),
(124, '31', 'Enemies with benefits has never been this chaotic.', 3),
(125, '32', 'He controls everything. Except how he feels about her. 🕸️', 0),
(126, '32', 'Fake dating a man who''s secretly been obsessed with you for years.', 1),
(127, '32', 'Christian Harper is the blueprint for morally grey billionaires.', 2),
(128, '32', 'The best Twisted book. Yes, I''m picking sides.', 3),
(129, '33', 'You''ll think you know who the villain is. You don''t. 💔', 0),
(130, '33', 'This will make you ugly cry on public transport. Bring tissues.', 1),
(131, '33', 'It''s not about romance. It''s about the hardest choice you''ll ever understand.', 2),
(132, '33', '"Just keep swimming" but make it heartbreaking and real.', 3),
(133, '34', 'The healing sequel you needed after IEWU. 🩹', 0),
(134, '34', 'Atlas finally gets his story and you WILL cry.', 1),
(135, '34', 'Less pain, more hope — but still emotional.', 2),
(136, '34', 'Second chances done right.', 3),
(137, '35', '"Don''t ask me about my past. Don''t expect a future." 💔', 0),
(138, '35', 'The dual timeline will slowly destroy you.', 1),
(139, '35', 'He has one rule: no feelings. Guess how that goes.', 2),
(140, '35', 'You''ll understand the title at the end and SOB.', 3),
(141, '36', 'You''ll finish this book and stare at the wall for 30 minutes. 🧱', 0),
(142, '36', 'Is she lying? Is SHE lying? Is everyone lying? YES.', 1),
(143, '36', 'The last page will make you restart the book immediately.', 2),
(144, '36', 'Do NOT read the reviews. Do NOT let anyone spoil this. Just read it. 💀', 3),
(145, '37', 'They meet once a year. Same day. Every year. For five years. 📅', 0),
(146, '37', 'You''ll think it''s cute. Then the twist hits. HARD.', 1),
(147, '37', 'CoHo''s most underrated book and I will die on this hill.', 2),
(148, '37', 'The ending will make you rethink EVERYTHING.', 3),
(149, '38', 'People anonymously confess secrets. He paints them. She IS one. 🎨', 0),
(150, '38', 'Art, secrets, and a love built on lies.', 1),
(151, '38', 'Quiet CoHo but the emotional punch is still there.', 2),
(152, '38', 'The confessions are real and they''ll haunt you.', 3),
(153, '39', 'Fake dating your hot professor. What could go wrong? Everything. 🧪', 0),
(154, '39', 'He''s 6''4", grumpy, and looks at her like she hung the stars.', 1),
(155, '39', 'She''s a STEM queen who can''t figure out her own love life. Mood.', 2),
(156, '39', 'The hand on the thigh scene. You''ll know it when you get there. 🔥', 3),
(157, '40', 'He''s been in love with her for YEARS. She thinks he hates her. 🧠', 0),
(158, '40', 'NASA setting + rivals + secret pining = perfection.', 1),
(159, '40', 'If you loved TLH, this is the same energy but rivals.', 2),
(160, '40', 'The miscommunication is frustrating in the BEST way.', 3),
(161, '41', 'Two writers swap genres for the summer. Chaos ensues. ✍️', 0),
(162, '41', 'She writes rom-coms. He writes literary fiction. The TENSION.', 1),
(163, '41', 'Emily Henry invented the modern rom-com. This is proof.', 2),
(164, '41', 'Funny until it''s not — then it hits you right in the chest.', 3),
(165, '42', 'Best friends. One trip ruined everything. Now she wants him back. ✈️', 0),
(166, '42', 'The dual timeline will make you laugh AND cry.', 1),
(167, '42', 'He''s quiet. She''s chaos. They''re soulmates. Obviously.', 2),
(168, '42', 'The hotel room scene. You''ll know. 🫠', 3),
(169, '43', 'A book about a book editor who IS the love interest, not the small-town girl. 📚', 0),
(170, '43', 'Finally — a heroine who''s ambitious and doesn''t apologize.', 1),
(171, '43', 'Hallmark movie setup but make it self-aware and smart.', 2),
(172, '43', 'Charlie Lastra is the book boyfriend you didn''t know you needed.', 3),
(173, '44', 'They broke up. Their friends don''t know. One week. One bed. 🏠', 0),
(174, '44', 'Pretending to still be together while DYING inside.', 1),
(175, '44', 'Emily Henry''s most emotional book — bring tissues.', 2),
(176, '44', 'The flashbacks will slowly break your heart and rebuild it.', 3),
(177, '45', 'Their exes left them for each other. So they team up. Obviously. 😏', 0),
(178, '45', 'Revenge plot turned real feelings — classic.', 1),
(179, '45', 'Miles is soft boy energy with an edge.', 2),
(180, '45', 'Emily Henry keeps delivering and we keep reading.', 3),
(181, '46', 'Arranged marriage to a billionaire who despises her. Until he doesn''t. 💍', 0),
(182, '46', 'He''s cold. She''s sunshine. The meltdown is GLORIOUS.', 1),
(183, '46', 'Ana Huang said "let me create the perfect book boyfriend" and DID.', 2),
(184, '46', 'The groveling. THE GROVELING. 🧎‍♂️', 3),
(185, '47', 'He''s perfect. Controlled. Composed. She ruins all of that. 🫠', 0),
(186, '47', 'Forbidden because of his family''s reputation — makes it hotter.', 1),
(187, '47', 'The British hero content we deserve.', 2),
(188, '47', 'Slow burn that actually BUILDS and pays off.', 3),
(189, '48', 'He lost her. Now he''ll do ANYTHING to get her back. 💔', 0),
(190, '48', 'The grovel is ELITE. Like, top-tier, chef''s kiss grovel.', 1),
(191, '48', 'He chose work over her. Biggest mistake of his life.', 2),
(192, '48', 'If you love watching a man BEG — this is your book.', 3),
(193, '49', 'He''s a hockey captain. She''s a figure skater. He''s SO gone for her. 🏒', 0),
(194, '49', 'Grumpy sunshine but he''s a giant golden retriever in disguise.', 1),
(195, '49', 'The size difference content you didn''t know you needed.', 2),
(196, '49', 'Comfort read energy with spice that sneaks up on you. 🌶️', 3),
(197, '50', 'She''s a camp counselor. He''s... also there. Against his will. 🏕️', 0),
(198, '50', 'Enemies to lovers but they''re both STUBBORN.', 1),
(199, '50', 'Summer camp vibes but make it adult and spicy.', 2),
(200, '50', 'Russ is the golden retriever boyfriend of your dreams.', 3),
(201, '51', 'He''s her brother''s best friend. He''s been waiting for YEARS. 😩', 0),
(202, '51', 'The pining is so painful it should be illegal.', 1),
(203, '51', 'Bookish heroine + hockey player = the content we deserve.', 2),
(204, '51', 'Friends to lovers where he was NEVER just a friend.', 3),
(205, '52', 'He''s the grumpiest NBA player alive. She''s a flight attendant made of sunshine. ✈️', 0),
(206, '52', 'Fake dating on the team plane. In first class. With FEELINGS.', 1),
(207, '52', 'He''s terrifying to everyone except her.', 2),
(208, '52', 'Zanders is the possessive hero blueprint. Period. 🏀', 3),
(209, '53', 'She needs a roommate. He needs to not fall in love. Oops. 🏠', 0),
(210, '53', 'Single mom + baseball player who''s soft for her kid.', 1),
(211, '53', 'The slow burn is TORTURE but so worth it.', 2),
(212, '53', 'He moves her stuff in without asking. Possessive but make it wholesome.', 3),
(213, '54', 'He''s a grumpy hockey goalie. She moves into his house. He''s doomed. 🥅', 0),
(214, '54', 'Broken hero who heals through loving her — my Roman Empire.', 1),
(215, '54', 'The size difference moments will make you feral.', 2),
(216, '54', 'Comfort sports romance with actual emotional depth.', 3),
(217, '55', 'She''s married off to a mafia boss she''s never met. Wedding night and all. 💀', 0),
(218, '55', 'The OG mafia romance that started a whole subgenre.', 1),
(219, '55', 'He''s terrifying to everyone. Gentle with her. Eventually.', 2),
(220, '55', 'If you want mafia romance — start here.', 3),
(221, '56', 'She''s engaged to one brother. She wants the other. The WRONG one. 👀', 0),
(222, '56', 'Italian mafia + forbidden attraction = chef''s kiss.', 1),
(223, '56', 'He''s silent, deadly, and looks at her like she''s his religion.', 2),
(224, '56', 'Danielle Lori writes tension like no one else.', 3),
(225, '57', 'He''s a fed. She''s a mafia wife. They should NOT want each other. 🔥', 0),
(226, '57', 'The best Made book — fight me on this.', 1),
(227, '57', 'Cat and mouse where both are predators.', 2),
(228, '57', 'Christian Allister lives in my head rent-free. Forever.', 3),
(229, '58', 'You know how it ends. You read it anyway. You cry anyway. 😭', 0),
(230, '58', 'The most beautiful love story ever written. I said what I said.', 1),
(231, '58', '"I could recognize him by touch alone." — PAIN.', 2),
(232, '58', 'Greek mythology but it''s about love, not war.', 3),
(233, '59', 'She was an outcast goddess. She became the most powerful witch alive. 🌿', 0),
(234, '59', 'Feminist retelling of Greek mythology done RIGHT.', 1),
(235, '59', 'The prose is so gorgeous you''ll want to highlight every page.', 2),
(236, '59', 'Slow, quiet power. The best kind.', 3),
(237, '60', 'Seven husbands. One true love. And she''s not who you think. 💋', 0),
(238, '60', 'Old Hollywood glamour hiding the most devastating love story.', 1),
(239, '60', 'You''ll think about Evelyn Hugo for MONTHS after finishing.', 2),
(240, '60', 'The twist at the end connects everything. Perfectly. 🌟', 3),
(241, '61', 'She needs a fake date to a wedding in Spain. He volunteers. WHY. 🇪🇸', 0),
(242, '61', 'Coworkers who "hate" each other. Sure, Jan.', 1),
(243, '61', 'He''s been in love with her the WHOLE TIME.', 2),
(244, '61', 'The wedding scenes will give you actual butterflies.', 3),
(245, '62', 'Her apartment floods. His couch is available. One problem: he''s gorgeous. 🛋️', 0),
(246, '62', 'He cooks for her. Carries her. Calls her beautiful in Spanish.', 1),
(247, '62', 'The adventure dates are the most romantic thing ever written.', 2),
(248, '62', 'Lucas Martín is BookTok''s boyfriend and I understand why.', 3),
(249, '63', 'He''s the town grump. She shows up with a stolen car and a baby. 👶', 0),
(250, '63', 'Knox Morgan will ruin all other book boyfriends for you.', 1),
(251, '63', 'Small town romance but make it 573 pages and worth every one.', 2),
(252, '63', 'He says he doesn''t care. He literally fights people for her.', 3),
(253, '64', 'He''s a chief of police recovering from being shot. She won''t leave him alone. 👮', 0),
(254, '64', 'Hurt/comfort done SO well — she heals him by being annoying.', 1),
(255, '64', 'Nash Morgan is soft grumpy king.', 2),
(256, '64', 'The Knockemout boys are a package deal and we love them all.', 3),
(257, '65', 'He collects her kisses in a jar. Every single one. 💔', 0),
(258, '65', 'You WILL cry. Not might. WILL.', 1),
(259, '65', 'Childhood sweethearts and a love that''s bigger than everything.', 2),
(260, '65', 'Read this when you want to feel everything at once.', 3),
(261, '66', 'She made a deal to live forever. The price: no one remembers her. Ever. 🖤', 0),
(262, '66', '300 years of being forgotten. Then one person remembers.', 1),
(263, '66', 'The most beautiful premise in fantasy. Period.', 2),
(264, '66', 'You''ll think about this book at random moments for years.', 3),
(265, '67', 'Her touch is lethal. He wants her to be a weapon. She wants to be free. ✋', 0),
(266, '67', 'The strikethrough text style is genius and heartbreaking.', 1),
(267, '67', 'Team Warner vs Team Adam — choose wisely.', 2),
(268, '67', 'Dystopia meets romance in the most poetic way possible.', 3),
(269, '68', 'They share an office. They play games. One of them is losing on purpose. 🎯', 0),
(270, '68', 'The elevator scene is ICONIC.', 1),
(271, '68', 'OG enemies-to-lovers office romance. The blueprint.', 2),
(272, '68', 'He memorized the exact shade of her eyes. He''s GONE.', 3),
(273, '69', 'She hires an escort to teach her about intimacy. He catches feelings. 💕', 0),
(274, '69', 'Autistic heroine written with such care and authenticity.', 1),
(275, '69', 'He''s supposed to be the teacher. He becomes the student.', 2),
(276, '69', 'Spicy, sweet, and SO well-written.', 3),
(277, '70', 'She quits. He shows up at her door. "Marry me." EXCUSE ME?! 💍', 0),
(278, '70', 'The SLOWEST burn ever. 598 pages. Worth every single one.', 1),
(279, '70', 'He''s a 6''4" NFL player who can''t function without her.', 2),
(280, '70', 'Mariana Zapata invented slow burn. This is her masterpiece.', 3),
(281, '71', 'Figure skating partners who can''t stand each other. The BANTER. ⛸️', 0),
(282, '71', '531 pages of slow burn figure skating enemies to lovers.', 1),
(283, '71', 'She''s stubborn. He''s patient. It takes FOREVER. Worth it.', 2),
(284, '71', 'The moment he finally snaps? *chef''s kiss* 🤌', 3),
(285, '72', 'Her childhood hero is now her coach. He''s rude. She''s unimpressed. ⚽', 0),
(286, '72', 'Another MZ slow burn that takes 500+ pages. No complaints.', 1),
(287, '72', 'She doesn''t fangirl. That''s what gets him.', 2),
(288, '72', 'The respect she earns from him is better than any kiss.', 3),
(289, '73', 'Twin sisters discover they''re fae royalty. The heirs want them GONE. 👑', 0),
(290, '73', '8 books of slow burn enemies to lovers. EIGHT. Buckle up.', 1),
(291, '73', 'The bullying is BRUTAL. The payoff is worth it.', 2),
(292, '73', 'BookTok''s most divisive series — you''ll love it or rage-read it.', 3),
(293, '74', 'A magical game where nothing is real. Except the danger. 🎪', 0),
(294, '74', 'The Night Circus vibes but YA and more romantic.', 1),
(295, '74', 'Trust nothing. Question everything. Enjoy the ride.', 2),
(296, '74', 'The aesthetic alone will pull you in — dark carnival magic. ✨', 3),
(297, '75', 'A black and white circus that appears without warning. Two magicians. One competition. 🎩', 0),
(298, '75', 'The most atmospheric book you''ll ever read.', 1),
(299, '75', 'Love told through magic and creation, not words.', 2),
(300, '75', 'Read this in autumn with candles. Trust me. 🕯️', 3),
(301, '76', 'Yale''s secret societies practice real magic. She''s sent to police them. 🏛️', 0),
(302, '76', 'Dark academia but make it actually dark. Like, murder dark.', 1),
(303, '76', 'Alex Stern is the most badass heroine Bardugo''s written.', 2),
(304, '76', 'If you want Six of Crows energy but adult — HERE.', 3),
(305, '77', 'Six outcasts. One impossible heist. Zero spice but ALL the tension. 🃏', 0),
(306, '77', 'Kaz Brekker is the morally grey king. No competition.', 1),
(307, '77', 'The found family content will HEAL you.', 2),
(308, '77', '"No mourners, no funerals." — and now you''re emotionally invested.', 3),
(309, '78', 'The sequel that''s somehow BETTER than the first. 👑', 0),
(310, '78', 'Every couple gets their moment and it''s PERFECT.', 1),
(311, '78', 'The schemes are wilder. The stakes are higher. The feels are REAL.', 2),
(312, '78', '"I would come for you." — I''m not crying, you''re crying. 😭', 3),
(313, '79', '838 pages. The crossover event of the SJM universe. 🌌', 0),
(314, '79', 'If you''ve read ACOTAR and CC — the payoff is INSANE.', 1),
(315, '79', 'Bryce Quinlan doesn''t play. She DELIVERS.', 2),
(316, '79', 'The ending sets up something massive. We''re not ready.', 3),
(317, '80', 'She''s his assistant. He''s the villain. She brings him coffee and chaos. ☕', 0),
(318, '80', 'Cozy fantasy where the villain is soft for ONE person.', 1),
(319, '80', 'If you want light, funny fantasy with zero stress — this is it.', 2),
(320, '80', 'He''s evil to everyone except her and it''s ADORABLE.', 3),
(321, '81', 'Scarlett St. Clair said "let me make it darker" and DELIVERED. 🖤', 0),
(322, '81', 'Arranged marriage to a monster who worships her.', 1),
(323, '81', 'If you loved Hades & Persephone — this is the unhinged cousin.', 2),
(324, '81', 'Dark fantasy romance with zero apologies.', 3),
(325, '82', 'Persephone meets Hades at a club. He''s OBSESSED immediately. 🔥', 0),
(326, '82', 'Greek mythology retelling but make it modern and spicy.', 1),
(327, '82', 'He''s the God of the Dead. She makes him feel alive.', 2),
(328, '82', 'The Hades & Persephone retelling that started it all on BookTok.', 3),
(329, '83', 'He hasn''t spoken in years. She teaches him sign language. He falls. 🤟', 0),
(330, '83', 'The softest, most tender romance you''ll ever read.', 1),
(331, '83', 'Broken hero who heals through love — done PERFECTLY.', 2),
(332, '83', 'You will cry happy tears AND sad tears. Probably at the same time.', 3),
(333, '84', 'Six magicians. One spot. Someone won''t survive the selection. 💀', 0),
(334, '84', 'Dark academia meets fantasy with morally bankrupt geniuses.', 1),
(335, '84', 'Everyone is smart, everyone is hot, everyone is suspicious.', 2),
(336, '84', 'The Secret History but with actual magic.', 3),
(337, '85', 'Vampire girl married to a werewolf alpha. For politics. Feelings not included. 🐺', 0),
(338, '85', 'Ali Hazelwood said "let me try paranormal" and ATE.', 1),
(339, '85', 'He''s massive, grumpy, and so confused by his feelings for her.', 2),
(340, '85', 'Size difference content that will make you FERAL.', 3),
(341, '86', 'Chess prodigy vs world champion. She beats him. He''s in love. ♟️', 0),
(342, '86', 'YA Ali Hazelwood — all the banter, less spice, same heart.', 1),
(343, '86', 'Rivals who respect each other''s genius? YES.', 2),
(344, '86', 'The chess scenes are somehow more tense than any love scene.', 3),
(345, '87', 'Dark academia on a cliff. Mysterious professor. Gothic castle. YES. 🏰', 0),
(346, '87', 'The atmosphere is so thick you can TASTE it.', 1),
(347, '87', 'He''s her professor. He''s also something else entirely.', 2),
(348, '87', 'If dark academia is your aesthetic — this is your book.', 3),
(349, '88', 'He discovers his wife has been lying about EVERYTHING. 💔', 0),
(350, '88', 'Romance meets thriller in the most unsettling way.', 1),
(351, '88', 'You think you know her. You don''t. At all.', 2),
(352, '88', 'The twist reframes the entire book. Brilliant.', 3),
(353, '89', 'Persephone runs from an arranged marriage. Hades catches her. 🖤', 0),
(354, '89', 'Modern Olympus retelling that''s 90% spice and 100% addictive.', 1),
(355, '89', 'He''s the man everyone fears. She makes him kneel.', 2),
(356, '89', 'The praise kink content in this series is LEGENDARY. 🔥', 3),
(357, '90', 'He''s sent to kill her. He marries her instead. Classic. 💀💍', 0),
(358, '90', 'Eros retelling where the hit man catches feelings.', 1),
(359, '90', 'She''s soft. He''s lethal. Together they''re chaotic perfection.', 2),
(360, '90', 'Somehow the funniest AND spiciest Dark Olympus book.', 3),
(361, '91', 'Achilles, Patroclus, and Helen. Yes, all three. Together. ⚔️', 0),
(362, '91', 'The MMF content Dark Olympus fans were WAITING for.', 1),
(363, '91', 'She wants the throne. They want her. Everyone wins.', 2),
(364, '91', 'Katee Robert said "why choose?" and wrote this.', 3),
(365, '92', 'She touches a stone and wakes up in 1743 Scotland. With a hot Highlander. 🏴󠁧󠁢󠁳󠁣󠁴󠁿', 0),
(366, '92', '850 pages of historical romance perfection.', 1),
(367, '92', 'Jamie Fraser is the OG book boyfriend. Accept no substitutes.', 2),
(368, '92', 'Time travel romance before it was cool. Still unmatched.', 3),
(369, '93', 'A captive princess and a maidservant with a deadly secret. 🌺', 0),
(370, '93', 'Indian-inspired fantasy with sapphic slow burn.', 1),
(371, '93', 'The politics are as sharp as the romance.', 2),
(372, '93', 'Beautiful, brutal, and completely unforgettable.', 3),
(373, '94', 'She controls the king. He hates it. He also loves it. 👑', 0),
(374, '94', 'The power games between Jude and Cardan are ADDICTIVE.', 1),
(375, '94', 'That ending will make you throw the book. Then grab book 3.', 2),
(376, '94', 'Middle book syndrome? She doesn''t know her.', 3),
(377, '95', 'She went from mortal girl to High Queen. The glow-up is REAL. 👑', 0),
(378, '95', 'Cardan''s confession scene lives rent-free in everyone''s head.', 1),
(379, '95', 'The trilogy finale that actually DELIVERS.', 2),
(380, '95', '"You are the first and last thing on my mind" — CARDAN. 😭', 3),
(381, '96', 'A witch married to a witch hunter. What could go wrong? EVERYTHING. 🐍', 0),
(382, '96', 'He hunts her kind. She IS her kind. The irony is *chef''s kiss*.', 1),
(383, '96', 'Enemies to lovers where the stakes are literally life or death.', 2),
(384, '96', 'French-inspired fantasy with banter that SLAPS.', 3),
(385, '97', 'Libraries are alive. Books are dangerous. She protects them. 📚', 0),
(386, '97', 'Bookish heroine + mysterious sorcerer + sentient libraries.', 1),
(387, '97', 'Cozy fantasy with just enough danger to keep you hooked.', 2),
(388, '97', 'If you''re a book lover — this was written FOR you.', 3),
(389, '98', 'Rival journalists writing letters through a magical wardrobe. 💌', 0),
(390, '98', 'The love letters will DESTROY you in the best way.', 1),
(391, '98', 'War, words, and a love that transcends everything.', 2),
(392, '98', 'BookTok''s darling of 2023 for a REASON.', 3),
(393, '99', 'He doesn''t remember her. She remembers everything. 💔', 0),
(394, '99', 'The amnesia trope done so painfully RIGHT.', 1),
(395, '99', 'Reading their letters knowing he forgot — pure AGONY.', 2),
(396, '99', 'The sequel that broke every Divine Rivals fan. Worth the pain.', 3),
(397, '100', 'She''s a goddess now. The problems are BIGGER. 🔱', 0),
(398, '100', 'More angst, more miscommunication, more Hades being obsessed.', 1),
(399, '100', 'Their love is tested and it HURTS.', 2),
(400, '100', 'The spice level went UP and we''re not complaining.', 3),
(401, '101', 'The war is here. The secrets are worse. Nobody is safe. ⚔️', 0),
(402, '101', 'Violet Sorrengail in her most powerful era yet.', 1),
(403, '101', 'The cliffhanger will make you need book 4 IMMEDIATELY.', 2),
(404, '101', 'Everything you feared? It''s happening.', 3),
(405, '102', 'The cozy holiday novella between the chaos. ❄️', 0),
(406, '102', 'Feyre and Rhys being domestic is everything you need.', 1),
(407, '102', 'Short, sweet, and sets up ACOSF perfectly.', 2),
(408, '102', 'Winter Solstice with the Inner Circle = pure serotonin.', 3),
(409, '103', '768 pages of rebellion, spice, and THAT ending. 💀', 0),
(410, '103', 'The last chapter will make you scream out loud.', 1),
(411, '103', 'Hunt and Bryce are couple goals until everything falls apart.', 2),
(412, '103', 'SJM really said "let me connect ALL my worlds" and did it.', 3),
(413, '104', 'The plot twist in this book changes EVERYTHING. 🗡️', 0),
(414, '104', 'She''s not just an assassin. She''s something much more.', 1),
(415, '104', 'Where the series stops being good and becomes GREAT.', 2),
(416, '104', 'That ending? You''ll need Heir of Fire IMMEDIATELY.', 3),
(417, '105', 'She''s broken. She rebuilds herself. It''s the best book in the series. 🔥', 0),
(418, '105', 'Rowan Whitethorn enters and nothing is the same.', 1),
(419, '105', 'The training montage energy is IMMACULATE.', 2),
(420, '105', 'Where Celaena dies and Aelin is born. 👑', 3),
(421, '106', 'She''s in Hell. Literally. With the devil. Who she might want. 😈', 0),
(422, '106', 'The slow burn gets HOTTER. The trust issues get worse.', 1),
(423, '106', 'Seven demon princes. Seven deadly sins. One witch.', 2),
(424, '106', 'Trust no one. Especially not the pretty ones.', 3),
(425, '107', 'The finale. The reveal. The TWIST. 💀', 0),
(426, '107', 'Three books of slow burn finally EXPLODING.', 1),
(427, '107', 'Wrath is the most patient, possessive demon king ever.', 2),
(428, '107', 'That plot twist reframes the ENTIRE trilogy.', 3),
(429, '108', 'She betrayed him. Now she has to save him. The IRONY. 💔', 0),
(430, '108', 'He''s in a cage. She''s fighting an army. For HIM.', 1),
(431, '108', 'The grovel and redemption arc are ELITE.', 2),
(432, '108', 'Book 2 hits harder than book 1. Didn''t think that was possible.', 3),
(433, '109', 'Tella''s story. She''s messier than Scarlett. We love her more. 💃', 0),
(434, '109', 'The game is bigger. The stakes are real this time.', 1),
(435, '109', 'Legendary is the better Caraval book. I said it.', 2),
(436, '109', 'More romance, more twists, more magic.', 3),
(437, '110', 'The game is over. The real danger begins. 🎭', 0),
(438, '110', 'Both sisters get their endings and it''s PERFECT.', 1),
(439, '110', 'The twists keep coming until the very last page.', 2),
(440, '110', 'A satisfying trilogy finale — rare and precious.', 3),
(441, '111', 'She doesn''t remember him. He remembers everything. 💔', 0),
(442, '111', 'Jacks is the most unhinged love interest and we ADORE him.', 1),
(443, '111', 'The amnesia trope used to maximum emotional damage.', 2),
(444, '111', 'The finale that Jacks deserved.', 3),
(445, '112', 'She makes a deal with the Prince of Hearts. He collects. 🃏', 0),
(446, '112', 'Jacks the villain boyfriend the world didn''t know it needed.', 1),
(447, '112', 'Caraval universe but darker, more romantic, more JACKS.', 2),
(448, '112', '"For you, I''d do terrible things." — yes sir. 🖤', 3),
(449, '113', 'She''s trapped in their world. She might not want to leave. 🎃', 0),
(450, '113', 'Devil''s Night gets darker. And somehow hotter.', 1),
(451, '113', 'Banks is the most complex heroine in the series.', 2),
(452, '113', 'Masks on. Rules off. Welcome back to Thunder Bay.', 3),
(453, '114', 'The best Devil''s Night book. Period. No debate. 🔥', 0),
(454, '114', 'Damon is unhinged. Winter is blind. Together they''re DEVASTATING.', 1),
(455, '114', 'He''s the villain of the series and gets the best love story.', 2),
(456, '114', '612 pages. You won''t put it down once.', 3),
(457, '115', 'The finale. All four couples. One last Devil''s Night. 🌙', 0),
(458, '115', 'Will trapped on an island. Emmy fighting back.', 1),
(459, '115', 'PenDog brings every storyline together perfectly.', 2),
(460, '115', 'The ending of an ERA. You''ll miss Thunder Bay.', 3),
(461, '116', 'He feels no pain. She makes him feel EVERYTHING. 💀', 0),
(462, '116', 'The most emotionally complex Legacy of Gods book.', 1),
(463, '116', 'Creighton is broken in ways that will wreck you.', 2),
(464, '116', 'Dark romance with actual emotional depth. Rare.', 3),
(465, '117', 'He''s older. Bigger. Meaner. She should run. She doesn''t. 😈', 0),
(466, '117', 'The age gap and size difference content is UNMATCHED.', 1),
(467, '117', 'Eli King is the scariest Legacy hero and that''s the appeal.', 2),
(468, '117', 'Rina Kent said "let me make him worse" and we said "yes please."', 3),
(469, '118', 'The MM book Legacy fans were BEGGING for. 🔥', 0),
(470, '118', 'He''s sunshine. He''s darkness. Together they''re explosive.', 1),
(471, '118', 'Rina Kent writes MM with the same intensity and it WORKS.', 2),
(472, '118', 'Nikolai and Jeremy broke the internet for a reason.', 3),
(473, '119', 'She''s a nobody mapmaker. Until she splits the darkness. ☀️', 0),
(474, '119', 'The Darkling is the villain you''ll accidentally root for.', 1),
(475, '119', 'Russian-inspired fantasy that launched an empire.', 2),
(476, '119', 'Read this, then read Six of Crows, then never recover.', 3),
(477, '120', 'She literally goes to Hell. To save someone. Because she''s Alex Stern. 🔥', 0),
(478, '120', 'Darker, wilder, more unhinged than Ninth House.', 1),
(479, '120', 'The magic system gets deeper and creepier.', 2),
(480, '120', 'Bardugo writes adult fantasy like she was born for it.', 3),
(481, '121', 'She discovers she''s a Shadowhunter. Her world was never real. 🗡️', 0),
(482, '121', 'The book that launched an ENTIRE YA fantasy universe.', 1),
(483, '121', 'Jace Wayland — the original golden boy with issues.', 2),
(484, '121', '2000s YA nostalgia in the best possible way.', 3),
(485, '122', 'Victorian London. Shadowhunters. The BEST love triangle ever written. ⚙️', 0),
(486, '122', 'Will and Jem. You''ll love both You''ll suffer for it.', 1),
(487, '122', 'Better than TMI — yes, I said it.', 2),
(488, '122', 'The prose is gorgeous. The heartbreak is worse.', 3),
(489, '123', 'He lied about EVERYTHING. She still wants him. Relatable? 😩', 0),
(490, '123', 'The enemies-to-lovers tension is UNBEARABLE.', 1),
(491, '123', 'Casteel is possessive king and we bow down.', 2),
(492, '123', '623 pages of "I hate you" / "no you don''t" energy.', 3),
(493, '124', 'She discovers what she truly is. It changes EVERYTHING. 👑', 0),
(494, '124', 'Poppy in her power era is magnificent.', 1),
(495, '124', 'More world-building, more spice, more Casteel being Casteel.', 2),
(496, '124', 'The series hits its stride and doesn''t slow down.', 3),
(497, '125', 'She gets out of prison. Her daughter doesn''t know her. 💔', 0),
(498, '125', 'CoHo''s most underrated book and it will DESTROY you.', 1),
(499, '125', 'The redemption arc is earned and heartbreaking.', 2),
(500, '125', 'You''ll cry at least three times. Minimum.', 3),
(501, '126', 'Summer at the beach. A boy with secrets. A girl with nothing to lose. 🌊', 0),
(502, '126', 'Quiet CoHo that sneaks up on you emotionally.', 1),
(503, '126', 'The summer romance you wish you had.', 2),
(504, '126', 'Simple, beautiful, and hits harder than expected.', 3),
(505, '127', 'A haunted bed and breakfast. A girlfriend who''s not quite herself. 👻', 0),
(506, '127', 'CoHo does paranormal and it''s CREEPY.', 1),
(507, '127', 'The twist changes everything you thought you understood.', 2),
(508, '127', 'Verity''s little sister — underrated and unsettling.', 3),
(509, '128', 'Childhood enemies. He became a billionaire. She still hates him. He still wants her. 💰', 0),
(510, '128', 'Lucian is the grumpiest, most protective Knockemout boy.', 1),
(511, '128', '630 pages of enemies to lovers AGONY.', 2),
(512, '128', 'The best Knockemout book — the angst is ELITE.', 3),
(513, '129', 'Apollo and Cassandra undercover at a party where everyone has secrets. 🎭', 0),
(514, '129', 'Fake dating at a murder mystery party. With ACTUAL danger.', 1),
(515, '129', 'The suspense + spice combo is perfect.', 2),
(516, '129', 'Quiet hero who worships her? Yes please.', 3),
(517, '130', 'Married to two people. In Olympus. For power. And pleasure. 💀', 0),
(518, '130', 'The most complex relationship dynamics in Dark Olympus.', 1),
(519, '130', 'Power play, politics, and praise kink. The holy trinity.', 2),
(520, '130', 'Katee Robert''s most ambitious Dark Olympus book.', 3),
(521, '131', 'LA party girl gets sent to a fishing town. Meets a grumpy captain. 🚢', 0),
(522, '131', 'Schitt''s Creek meets romance and it WORKS.', 1),
(523, '131', 'Brendan is the strong silent type who will RUIN you.', 2),
(524, '131', 'She''s a mess. He thinks she''s perfect. We agree.', 3),
(525, '132', 'The player who falls for the one girl he can''t have. 🎣', 0),
(526, '132', 'Fox is a reformed f-boy and his redemption arc is BEAUTIFUL.', 1),
(527, '132', 'Friends to lovers where he''s been in love the WHOLE time.', 2),
(528, '132', 'Better than book 1. I said what I said.', 3),
(529, '133', 'She writes him love letters she never sends. He finds them. 💌', 0),
(530, '133', 'Napa Valley setting, wine, and a professor who can''t stop staring.', 1),
(531, '133', 'She''s chaos in overalls. He''s order in a button-down.', 2),
(532, '133', 'Tessa Bailey writes the BEST grumpy heroes. This proves it.', 3),
(533, '134', 'They hate each other. They get married. For a vineyard. Obviously. 🍷', 0),
(534, '134', 'Marriage of convenience where the inconvenience is FEELINGS.', 1),
(535, '134', 'The banter is sharp enough to cut glass.', 2),
(536, '134', 'Enemies to spouses to lovers. The best order.', 3),
(537, '135', 'She''s a surgeon. He''s a small-town carpenter. Her family disapproves. 💔', 0),
(538, '135', 'The class difference angle makes it so much more real.', 1),
(539, '135', 'Daniel is the sweetest, most patient man in fiction.', 2),
(540, '135', 'Funny until it punches you in the heart. Classic Abby.', 3),
(541, '136', 'They start writing letters. He falls in love through WORDS. 💌', 0),
(542, '136', 'Fake dating a coworker who writes the most beautiful letters.', 1),
(543, '136', 'Jacob is neurodivergent rep done with so much love and care.', 2),
(544, '136', 'The best Abby Jimenez book. Ready to fight about it.', 3),
(545, '137', 'Every person they date finds their soulmate... after dating them. 😅', 0),
(546, '137', 'Two cursed people try to break the curse by dating each other.', 1),
(547, '137', 'The premise is SO fun and the execution is even better.', 2),
(548, '137', 'Abby Jimenez never misses. This is more proof.', 3),
(549, '138', 'Best friends. He''s an NFL quarterback. She''s oblivious. EVERYONE knows except her. 🏈', 0),
(550, '138', 'The most wholesome sports romance you''ll ever read.', 1),
(551, '138', 'He''s been in love with her forever and it''s SO obvious.', 2),
(552, '138', 'Zero angst, all fluff. Sometimes that''s exactly what you need.', 3),
(553, '139', 'Small town. Grumpy neighbor. She''s determined to make him smile. 😊', 0),
(554, '139', 'The forced proximity is ADORABLE.', 1),
(555, '139', 'He tries so hard to not like her. He fails spectacularly.', 2),
(556, '139', 'Pure serotonin in book form.', 3),
(557, '140', 'Famous singer runs away to a small town. Grumpy pie shop owner takes her in. 🥧', 0),
(558, '140', 'She''s hiding from fame. He doesn''t care who she is.', 1),
(559, '140', 'The most comforting book on this list.', 2),
(560, '140', 'Read this when you need a hug in book form. 🤗', 3)
ON CONFLICT DO NOTHING;

-- Book similar
INSERT INTO catalog_book_similar (book_id, similar_book_id) VALUES
('1', '2'),
('1', '9'),
('1', '3'),
('2', '1'),
('2', '101'),
('3', '4'),
('3', '1'),
('3', '8'),
('4', '3'),
('4', '5'),
('5', '4'),
('5', '102'),
('6', '4'),
('6', '79'),
('7', '103'),
('7', '3'),
('8', '3'),
('8', '1'),
('9', '1'),
('9', '10'),
('10', '9'),
('11', '94'),
('11', '15'),
('12', '106'),
('12', '11'),
('13', '104'),
('13', '3'),
('14', '108'),
('14', '3'),
('15', '11'),
('15', '3'),
('17', '11'),
('18', '93'),
('18', '16'),
('19', '20'),
('19', '21'),
('19', '29'),
('20', '19'),
('20', '21'),
('21', '116'),
('21', '19'),
('21', '29'),
('22', '19'),
('22', '23'),
('23', '22'),
('24', '113'),
('24', '25'),
('24', '21'),
('25', '24'),
('25', '21'),
('26', '27'),
('26', '24'),
('27', '26'),
('27', '28'),
('28', '25'),
('28', '27'),
('29', '30'),
('29', '21'),
('29', '19'),
('30', '29'),
('30', '31'),
('31', '30'),
('31', '32'),
('32', '31'),
('32', '46'),
('33', '34'),
('33', '35'),
('33', '37'),
('34', '33'),
('34', '35'),
('35', '33'),
('35', '37'),
('35', '36'),
('36', '35'),
('37', '33'),
('37', '35'),
('38', '37'),
('38', '33'),
('39', '40'),
('39', '86'),
('39', '41'),
('40', '39'),
('40', '41'),
('41', '42'),
('41', '43'),
('41', '39'),
('42', '41'),
('42', '43'),
('42', '44'),
('43', '42'),
('43', '41'),
('43', '44'),
('44', '43'),
('44', '42'),
('45', '44'),
('45', '43'),
('46', '47'),
('46', '32'),
('47', '46'),
('47', '48'),
('48', '47'),
('49', '50'),
('49', '52'),
('49', '39'),
('50', '49'),
('50', '51'),
('51', '50'),
('51', '49'),
('52', '53'),
('52', '49'),
('53', '52'),
('54', '49'),
('56', '57'),
('56', '55'),
('57', '56'),
('58', '59'),
('59', '58'),
('59', '16'),
('61', '62'),
('61', '39'),
('62', '61'),
('62', '41'),
('63', '64'),
('63', '43'),
('64', '63'),
('64', '128'),
('65', '33'),
('65', '58'),
('66', '58'),
('66', '59'),
('67', '11'),
('68', '39'),
('68', '41'),
('68', '43'),
('69', '39'),
('69', '68'),
('70', '72'),
('70', '71'),
('70', '49'),
('71', '70'),
('71', '49'),
('72', '70'),
('72', '71'),
('73', '1'),
('73', '11'),
('73', '9'),
('74', '109'),
('74', '75'),
('74', '17'),
('75', '74'),
('75', '66'),
('76', '120'),
('76', '11'),
('77', '78'),
('77', '11'),
('78', '77'),
('78', '11'),
('79', '6'),
('80', '39'),
('81', '82'),
('81', '19'),
('82', '100'),
('82', '12'),
('83', '33'),
('83', '65'),
('84', '76'),
('85', '39'),
('85', '12'),
('86', '39'),
('86', '40'),
('87', '19'),
('87', '76'),
('88', '36'),
('88', '37'),
('89', '90'),
('89', '82'),
('90', '89'),
('90', '91'),
('91', '90'),
('91', '89'),
('92', '3'),
('92', '14'),
('93', '18'),
('94', '11'),
('94', '95'),
('95', '94'),
('95', '11'),
('96', '3'),
('96', '12'),
('97', '17'),
('97', '74'),
('98', '99'),
('98', '11'),
('99', '98'),
('99', '11'),
('100', '82'),
('100', '89'),
('101', '1'),
('101', '2'),
('102', '5'),
('102', '6'),
('103', '79'),
('104', '13'),
('104', '105'),
('105', '104'),
('106', '12'),
('106', '107'),
('107', '106'),
('107', '12'),
('108', '14'),
('108', '3'),
('109', '74'),
('109', '110'),
('110', '109'),
('110', '74'),
('111', '112'),
('111', '74'),
('112', '74'),
('112', '111'),
('113', '24'),
('113', '114'),
('114', '113'),
('114', '115'),
('115', '114'),
('115', '24'),
('116', '21'),
('116', '117'),
('117', '116'),
('117', '118'),
('118', '117'),
('119', '77'),
('120', '76'),
('120', '84'),
('121', '122'),
('121', '119'),
('122', '121'),
('123', '8'),
('123', '124'),
('124', '123'),
('124', '8'),
('125', '33'),
('125', '37'),
('126', '35'),
('126', '37'),
('127', '36'),
('127', '38'),
('128', '64'),
('128', '63'),
('129', '91'),
('129', '130'),
('130', '129'),
('130', '91'),
('131', '132'),
('131', '41'),
('132', '131'),
('132', '42'),
('133', '134'),
('133', '131'),
('134', '133'),
('134', '131'),
('135', '136'),
('135', '137'),
('136', '135'),
('136', '137'),
('137', '136'),
('137', '135'),
('138', '139'),
('138', '49'),
('139', '138'),
('139', '140'),
('140', '139'),
('140', '138')
ON CONFLICT DO NOTHING;
